met_s,mission_phase,mode_index,mode_holding,mode_flying,gate_id,gate_phase,crew_action,alt_m,speed_mps,srf_speed_mps,vspeed_mps,q_pa,mach,downrange_m,mass_kg,accel_g,thrust_n,att_err_deg,rate_cmd_rads,throttle,torque_cmd,rcs_on,trans_x,trans_y,trans_z,att_point_deg,att_rate_cmd,att_rate_meas,act_pitch,act_yaw,act_roll,ctrl_tq_pitch,ctrl_tq_yaw,rate_pitch_dps,rate_roll_dps,rate_yaw_dps,ctrl_tq_roll,moi_pitch,moi_roll,moi_yaw,rcs_thrust_n,ap_km,pe_km,inc_deg,raan_deg,ullage_stab,clamp_frac,clamp_held,upfg_tgo_s,upfg_vgo_mps,pitch_deg,azimuth_deg,ascent_phase,boost_phase,boost_aoa_deg,engine_mode,ignite_alt_m,descent_speed_mps,rv_phase,lvlh_rx,lvlh_ry,lvlh_rz,rv_range_m,rv_burn_dv,dock_phase,dock_range_m,close_speed_mps,dock_hold,dep_phase,deorbit_phase,entry_phase,bank_deg,com_descent_mode,chute_phase,drogue,main,dv_planned_mps,dv_delivered_mps,dv_residual_mps,fdir_fault,fdir_recovery,fdir_abort,abort_mode,cal_thrust_n,cal_beta,cal_invI,cal_ld,steer_sign,ker_avail,ker_remain_dv,ker_final_dv,ker_cur_twr,ker_cur_thrust_n,steer_loss_mps,grav_loss_mps,drag_loss_mps,cal_kaero,cal_kaero_p,qalpha_cap_deg,aero_ang_accel,aoa_signed_deg,rcsbal_torque_naive,rcsbal_torque_resid,rcsbal_force_frac,cc_dsigma_deg,cc_slope_m_per_rad,warp_rate,eng_ignited,eng_flameout,mmh_frac,nto_frac,skin_temp_frac,rcs_geo_pitch,rcs_geo_yaw,rcs_geo_roll
0,-,0,0,0,,,,58536.054777,2164.441821,1900.801821,1001.765937,0,0,,84781.928122,0,0,1.975556,-0.070349,0,,1,0,0,0,178.024448,-0.070349,-0.001727,0.01976,1,0.000039,420782.031256,471228.875006,-0.09896,0.065114,-0.216903,34950.324231,15183.921875,151.174606,15183.929688,176325.244904,114.313062,-6174.328017,46.440139,354.759883,1,,0,,,,,,EntryBurn,0,0,3487.647852,-1001.765938,,,,,,,,,,,,,,,,,,,,,,,,0,None,,,,,,,,,,,,,,,,,,,,,,,,1,0,0,,,0.529998,,,
0.26,-,0,0,0,,,,58796.089744,2162.418123,1898.60639,998.970577,671.872497,5.984316,,84777.052224,0.779159,0,2.080686,-0.083428,0,,1,0,0,0,177.91931,-0.083428,-0.003641,0.022964,-1,-0.000008,420935.624836,471389.043607,-0.208601,-0.01269,0.395348,35033.584868,15182.291016,151.206543,15182.30957,209929.990768,114.261232,-6174.48573,46.436953,354.755917,1,,0,,,,,,EntryBurn,0,0,3484.649708,-998.970576,,,,,,,,,,,,,,,,,,,,,,,,0,None,,,,,,,,,,,,,,,,,,,,,,,,1,0,0,,,0.531042,,,
0.52,-,0,0,0,,,,59055.47341,2161.276479,1897.301957,996.618595,650.109187,5.989509,,84771.488488,0.148198,0,1.954956,-0.08851,0,,1,0,0,0,178.045052,-0.08851,-0.003136,0.02457,-1,-0.000008,420984.903902,471475.091941,-0.179693,-0.012787,0.264149,35037.519318,15182.291016,151.170654,15182.304688,209882.628918,114.261928,-6174.482744,46.436473,354.75532,1,,0,,,,,,EntryBurn,0,0,3482.021667,-996.618594,,,,,,,,,,,,,,,,,,,,,,,,0,None,,,,,,,,,,,,,,,,,,,,,,,,1,0,0,,,0.53317,,,
0.78,-,0,0,0,,,,59314.24123,2160.13974,1895.99986,994.266851,629.165532,5.995324,,84765.924752,0.015882,0,2.07254,-0.101741,0,,1,0,0,0,177.927476,-0.101741,-0.007992,0.026964,-1,0.000036,421062.240801,471560.675033,-0.457903,0.059646,0.818253,35061.98579,15176.230469,151.211899,15176.28125,209954.013824,114.262631,-6174.479125,46.435574,354.7542,1,,0,,,,,,EntryBurn,0,0,3479.388629,-994.266851,,,,,,,,,,,,,,,,,,,,,,,,0,None,,,,,,,,,,,,,,,,,,,,,,,,1,0,0,,,0.535219,,,
1.04,-,0,0,0,,,,59572.399017,2159.005056,1894.699892,991.915182,608.885648,6.001191,,84760.361969,0.017442,0,1.986119,-0.106952,0,,1,0,0,0,178.013874,-0.106952,-0.00787,0.028492,-1,0.000195,421063.463607,471622.315467,-0.450929,0.323532,0.551225,35008.043475,15173.18457,151.152924,15173.217773,209844.605923,114.263324,-6174.475531,46.434672,354.753077,1,,0,,,,,,EntryBurn,0,0,3476.750963,-991.915182,,,,,,,,,,,,,,,,,,,,,,,,0,None,,,,,,,,,,,,,,,,,,,,,,,,1,0,0,,,0.537159,,,
1.28,-,0,0,0,,,,59829.948747,2157.87232,1893.401964,989.563561,589.239995,6.007097,,84754.799902,0.017403,0,2.106372,-0.119115,0,,1,0,0,0,177.893618,-0.119115,-0.003331,0.033276,-1,-0.000034,421214.720125,471724.70091,-0.190856,-0.057365,1.659283,35084.7802,15169.773438,151.117676,15169.78125,209739.95924,114.264002,-6174.471987,46.43377,354.752037,1,,0,,,,,,EntryBurn,0,0,3474.108684,-989.563561,,,,,,,,,,,,,,,,,,,,,,,,0,None,,,,,,,,,,,,,,,,,,,,,,,,1,0,0,,,0.538967,,,
1.56,-,0,0,0,,,,60086.879248,2156.733518,1892.097919,987.20726,570.199261,6.013025,,84749.236882,0.016975,0,2.15047,-0.125,0,,1,0,0,0,177.849521,-0.125,-0.002862,0.035097,-1,0.000018,421219.801053,471730.32187,-0.163955,0.030125,1.155133,35090.563279,15167.96582,151.138947,15167.982422,209766.457081,114.264111,-6174.469882,46.432844,354.750799,1,,0,,,,,,EntryBurn,0,0,3471.456594,-987.20726,,,,,,,,,,,,,,,,,,,,,,,,0,None,,,,,,,,,,,,,,,,,,,,,,,,1,0,0,,,0.539429,,,
1.82,-,0,0,0,,,,60343.191521,2155.631281,1890.852167,984.864882,551.763095,6.019054,,84743.673861,0.028515,0,2.37743,-0.134708,0,,1,0,0,0,177.622593,-0.134708,-0.006959,0.0367,-1,-0.000328,421235.369418,471726.355557,-0.398719,-0.547139,0.521831,35084.583088,15164.787109,151.195389,15164.861328,209829.080105,114.265851,-6174.461116,46.435612,354.754249,1,,0,,,,,,EntryBurn,0,0,3468.813309,-984.864882,,,,,,,,,,,,,,,,,,,,,,,,0,None,,,,,,,,,,,,,,,,,,,,,,,,1,0,0,,,0.540015,,,
2.06,-,0,0,0,,,,60598.8883,2154.052491,1889.102824,982.29071,533.869702,6.024909,,84738.110125,0.107548,0,2.445002,-0.144663,0,,1,0,0,0,177.554996,-0.144663,-0.010539,0.038512,-1,-0.00036,421379.151706,471745.892644,-0.603861,-0.600551,0.942221,35156.615313,15162.120117,151.139648,15162.118164,209875.90313,114.240545,-6174.540844,46.43311,354.751213,1,,0,,,,,,EntryBurn,0,0,3465.944065,-982.29071,,,,,,,,,,,,,,,,,,,,,,,,0,None,,,,,,,,,,,,,,,,,,,,,,,,1,0,0,,,0.539514,,,
2.34,-,0,0,0,,,,60853.754439,2150.076236,1884.927797,978.570542,515.416377,6.024127,,84732.546151,0.847998,0,2.643742,-0.153338,0,,1,0,0,0,177.356259,-0.153338,-0.000713,0.043823,-1,-0.001184,421324.57915,471747.40368,-0.040839,-1.976819,2.125215,35110.649569,15159.522461,151.040283,15159.500977,209789.123535,114.081915,-6175.065519,46.4219,354.737152,0.25,,0,,,,,,EntryBurn,0,0,3461.973469,-978.570541,,,,,,,,,,,,,,,,,,,,,,,,0,None,,,,,,,,,,,,,,,,,,,,,,,,1,0,0,,,0.538754,,,
2.6,-,0,0,0,,,,61107.698905,2146.113057,1880.757033,974.853469,497.181483,6.020754,,84726.982057,1.130116,0,3.015849,-0.155046,0,,1,0,0,0,176.984157,-0.155046,0.01254,0.048084,-1,-0.002191,421429.499085,471820.199227,0.718514,-3.661354,3.342612,35156.638324,15152.523438,151.038101,15152.530273,209834.17511,113.92436,-6175.587284,46.409327,354.721462,0.25,,0,,,,,,EntryBurn,0,0,3457.992624,-974.853469,,,,,,,,,,,,,,,,,,,,,,,,0,None,,,,,,,,,,,,,,,,,,,,,,,,1,0,0,,,0.540797,,,
2.86,-,0,0,0,,,,61360.749637,2143.244124,1877.694176,971.670786,479.706592,6.018041,,84721.41844,0.848086,0,3.864513,-0.148856,0,,1,0,0,0,176.135499,-0.148856,0.023882,0.049582,-1,-0.003087,421225.068427,471892.391746,1.368364,-5.133343,5.223335,35002.292485,15151.201172,151.110413,15151.320313,209791.977406,113.828984,-6175.907899,46.400695,354.710684,0.25,,0,,,,,,EntryBurn,0,0,3454.512715,-971.670786,,,,,,,,,,,,,,,,,,,,,,,,0,None,,,,,,,,,,,,,,,,,,,,,,,,1,0,0,,,0.541076,,,
3.12,-,0,0,0,,,,61613.124688,2142.110959,1876.394898,969.30648,463.976863,6.022705,,84715.8553,0.116953,0,5.272994,-0.134779,0,,1,0,0,0,174.727017,-0.134779,0.02357,0.045445,-1,-0.002996,421246.440606,471905.071428,1.350456,-4.983752,5.434987,34986.436622,15149.598633,151.027435,15149.624023,209811.518192,113.828195,-6175.906835,46.399696,354.709435,0.25,,0,,,,,,EntryBurn,0,0,3451.813991,-969.30648,,,,,,,,,,,,,,,,,,,,,,,,0,None,,,,,,,,,,,,,,,,,,,,,,,,1,0,0,,,0.53893,,,
3.38,-,0,0,0,,,,61864.863727,2140.979766,1875.097457,966.942386,448.908984,6.028406,,84710.291684,0.018517,0,6.457227,-0.117473,0,,1,0,0,0,173.542771,-0.117473,0.031504,0.042756,-1,-0.003167,421160.290234,471897.884529,1.805043,-5.255182,5.212396,34899.834978,15146.959961,151.010147,15146.991211,209830.899239,113.827411,-6175.905842,46.398655,354.708135,0.25,,0,,,,,,EntryBurn,0,0,3449.110231,-966.942385,,,,,,,,,,,,,,,,,,,,,,,,0,None,,,,,,,,,,,,,,,,,,,,,,,,1,0,0,,,0.537218,,,
3.64,-,0,0,0,,,,62115.973019,2139.850007,1873.801169,964.577198,434.320655,6.034086,,84704.728544,0.019329,0,8.032857,-0.097204,0,,1,0,0,0,171.967157,-0.097204,0.025718,0.035261,-1,-0.002793,421304.544863,471932.228126,1.47355,-4.650212,5.045805,35008.231203,15144.5,150.963242,15144.492188,209929.263592,113.826493,-6175.904911,46.397563,354.70677,0.25,,0,,,,,,EntryBurn,0,0,3446.399816,-964.577198,,,,,,,,,,,,,,,,,,,,,,,,0,None,,,,,,,,,,,,,,,,,,,,,,,,1,0,0,,,0.536879,,,
3.9,-,0,0,0,,,,62366.453231,2138.721341,1872.505443,962.210971,420.197441,6.039742,,84699.166238,0.020756,0,9.637367,-0.067668,0,,1,0,0,0,170.362642,-0.067668,0.027548,0.027302,-1,-0.003225,421382.985707,471971.93353,1.578377,-5.369627,6.0989,35010.798091,15141.389648,150.974731,15141.385742,209746.348858,113.825444,-6175.904126,46.396374,354.705284,0.25,,0,,,,,,EntryBurn,0,0,3443.683741,-962.210972,,,,,,,,,,,,,,,,,,,,,,,,0,None,,,,,,,,,,,,,,,,,,,,,,,,1,0,0,,,0.536674,,,
4.16,-,0,0,0,,,,62616.287364,2137.594211,1871.210762,959.843685,406.525949,6.045371,,84693.60286,0.02262,0,11.315006,-0.035254,0,,1,0,0,0,168.685001,-0.035254,0.024584,0.017154,-1,-0.003097,421414.237706,471958.092116,1.408575,-5.157619,6.522089,35015.759777,15138.77832,150.983261,15138.768555,209833.30965,113.824261,-6175.903385,46.395099,354.70369,0.25,,0,,,,,,EntryBurn,0,0,3440.960775,-959.843686,,,,,,,,,,,,,,,,,,,,,,,,0,None,,,,,,,,,,,,,,,,,,,,,,,,1,0,0,,,0.536968,,,
4.42,-,0,0,0,,,,62865.475436,2136.467384,1869.916138,957.474819,393.292568,6.050973,,84688.039124,0.023558,0,13.131087,-0.002564,0,,1,0,0,0,166.868925,-0.002564,0.029504,0.00919,-1,-0.003174,421456.66931,472014.07303,1.690471,-5.289061,6.687505,35033.981702,15135.345703,150.970596,15135.370117,209939.990044,113.822891,-6175.902924,46.393776,354.702036,0.256049,,0,,,,,,EntryBurn,0,0,3438.231097,-957.474819,,,,,,,,,,,,,,,,,,,,,,,,0,None,,,,,,,,,,,,,,,,,,,,,,,,1,0,0,,,0.537061,,,
4.68,-,0,0,0,,,,63114.022993,2135.341269,1868.621883,955.104562,380.483449,6.056546,,84682.476103,0.024777,0,14.971013,0.039642,0,,1,0,0,0,165.028994,0.039642,0.038622,-0.000292,-1,-0.003118,421495.716401,472056.689023,2.212855,-5.19468,7.608642,35035.731726,15134.958008,150.967087,15135.005859,209786.384106,113.821356,-6175.902666,46.392389,354.700301,0.337728,,0,,,,,,EntryBurn,0,0,3435.494682,-955.104562,,,,,,,,,,,,,,,,,,,,,,,,0,None,,,,,,,,,,,,,,,,,,,,,,,,1,0,0,,,0.537264,,,
4.94,-,0,0,0,,,,63361.930283,2134.215252,1867.327341,952.732459,368.084768,6.062087,,84676.913083,0.026131,0,17.029702,0.091881,0,,1,0,0,0,162.970291,0.091881,0.029255,-0.017941,-1,-0.00279,421450.178608,472052.921976,1.676202,-4.644808,7.011463,35002.322645,15130.111328,150.974442,15130.107422,209776.992798,113.819603,-6175.902711,46.390932,354.698478,0.443851,,0,,,,,,EntryBurn,0,0,3432.750674,-952.732458,,,,,,,,,,,,,,,,,,,,,,,,0,None,,,,,,,,,,,,,,,,,,,,,,,,1,0,0,,,0.537552,,,
5.18,-,0,0,0,,,,63609.171474,2133.088916,1866.031989,950.358194,356.083987,6.067595,,84671.349704,0.027706,0,19.030927,0.142946,0,,1,0,0,0,160.969082,0.142946,0.032185,-0.031725,-1,-0.003139,421407.29517,472070.884702,1.84406,-5.218544,7.840992,34951.318898,15125.869141,150.925949,15125.915039,209795.570374,113.817595,-6175.903126,46.389389,354.696631,0.551666,,0,,,,,,EntryBurn,0,0,3429.999567,-950.358195,,,,,,,,,,,,,,,,,,,,,,,,0,None,,,,,,,,,,,,,,,,,,,,,,,,1,0,0,,,0.537863,,,
5.46,-,0,0,0,,,,63855.763596,2131.961939,1864.735489,947.981776,344.466958,6.073068,,84665.786803,0.029521,0,21.186428,0.20534,0,,1,0,0,0,158.813572,0.20534,0.037055,-0.048185,-1,-0.003049,421505.854324,472076.93559,2.1231,-5.077044,8.814224,34998.278897,15123.96582,150.893753,15123.96582,209788.479805,113.815338,-6175.903988,46.387755,354.694502,0.649661,,0,,,,,,EntryBurn,0,0,3427.24033,-947.981776,,,,,,,,,,,,,,,,,,,,,,,,0,None,,,,,,,,,,,,,,,,,,,,,,,,1,0,0,,,0.538339,,,
5.72,-,0,0,0,,,,64101.702227,2130.833012,1863.436628,945.604691,333.220159,6.078499,,84660.223782,0.031489,0,23.369829,0.271244,0,,1,0,0,0,156.630163,0.271244,0.036206,-0.067279,-1,-0.003249,421523.2258,472145.070728,2.074471,-5.405031,8.637125,34965.46008,15120.407227,150.916351,15120.463867,209857.563972,113.812985,-6175.905761,46.386012,354.692321,0.761679,,0,,,,,,EntryBurn,0,0,3424.475171,-945.604691,,,,,,,,,,,,,,,,,,,,,,,,0,None,,,,,,,,,,,,,,,,,,,,,,,,1,0,0,,,0.53867,,,
5.98,-,0,0,0,,,,64346.973583,2129.702165,1862.135316,943.225285,322.330546,6.083888,,84654.661119,0.033616,0,25.746122,0.347139,0,,1,0,0,0,154.253888,0.347139,0.038774,-0.088252,-1,-0.003153,421522.716485,472142.87429,2.221567,-5.246555,9.435461,34967.781308,15117.461914,150.903778,15117.493164,209780.509472,113.810364,-6175.908267,46.384167,354.69001,0.888414,,0,,,,,,EntryBurn,0,0,3421.701979,-943.225284,,,,,,,,,,,,,,,,,,,,,,,,0,None,,,,,,,,,,,,,,,,,,,,,,,,1,0,0,,,0.538986,,,
6.24,-,0,0,0,,,,64591.59486,2128.56847,1860.830677,940.84315,311.785666,6.08924,,84649.097264,0.035829,0,28.096366,0.433187,0,,1,0,0,0,151.903629,0.433187,0.041734,-0.111989,-1,-0.003597,421598.46001,472185.416122,2.391177,-5.99304,9.196773,35009.388048,15114.479492,150.857239,15114.503906,209843.482971,113.807429,-6175.911682,46.382224,354.687576,1,,0,,,,,,EntryBurn,0,0,3418.920149,-940.843151,,,,,,,,,,,,,,,,,,,,,,,,0,None,,,,,,,,,,,,,,,,,,,,,,,,1,0,0,,,0.539321,,,
6.48,-,0,0,0,,,,64835.536072,2127.431853,1859.522546,938.458155,301.588227,6.094708,,84643.534601,0.038248,0,30.610822,0.529406,0,,1,0,0,0,149.389187,0.529406,0.044856,-0.138593,-1,-0.003766,421602.397885,472252.180874,2.570072,-6.268806,9.586939,34970.067004,15111.339844,150.847321,15111.360352,209875.388145,113.804165,-6175.91601,46.380171,354.685088,1,,0,,,,,,EntryBurn,0,0,3416.130197,-938.458155,,,,,,,,,,,,,,,,,,,,,,,,0,None,,,,,,,,,,,,,,,,,,,,,,,,1,0,0,,,0.539653,,,
6.76,-,0,0,0,,,,65078.812581,2126.290867,1858.209633,936.069485,291.728669,6.100343,,84637.972176,0.040648,0,33.143114,0.63923,0,,1,0,0,0,146.85689,0.63923,0.054542,-0.167217,-1,-0.003937,421593.19727,472246.971321,3.125009,-6.5496,9.754637,34946.675955,15109.375977,150.836151,15109.389648,209728.58429,113.800491,-6175.92151,46.378032,354.682324,1,,0,,,,,,EntryBurn,0,0,3413.330292,-936.069484,,,,,,,,,,,,,,,,,,,,,,,,0,None,,,,,,,,,,,,,,,,,,,,,,,,1,0,0,,,0.540057,,,
7.02,-,0,0,0,,,,65321.413829,2125.144982,1856.891393,933.676882,282.192815,6.106126,,84632.40999,0.043145,0,35.922512,0.761065,0,,1,0,0,0,144.077489,0.761065,0.054564,-0.201963,-1,-0.004311,421670.911171,472314.64433,3.126297,-7.179665,10.322221,34981.496503,15105.306641,150.797974,15105.329102,209638.842344,113.796375,-6175.928279,46.375805,354.679533,1,,0,,,,,,EntryBurn,0,0,3410.521164,-933.676882,,,,,,,,,,,,,,,,,,,,,,,,0,None,,,,,,,,,,,,,,,,,,,,,,,,1,0,0,,,0.54035,,,
7.26,-,0,0,0,,,,65563.332623,2123.993527,1855.567206,931.280179,272.970668,6.11204,,84626.846969,0.045832,0,38.576477,0.897324,0,,1,0,0,0,141.423527,0.897324,0.056719,-0.240307,-1,-0.005118,421616.439794,472345.477143,3.249758,-8.512415,9.876488,34935.909357,15103.916992,150.824585,15103.975586,209874.588251,113.791804,-6175.936459,46.373496,354.676722,1,,0,,,,,,EntryBurn,0,0,3407.701629,-931.280179,,,,,,,,,,,,,,,,,,,,,,,,0,None,,,,,,,,,,,,,,,,,,,,,,,,1,0,0,,,0.540668,,,
7.54,-,0,0,0,,,,65804.57616,2122.835581,1854.236221,928.878706,264.051374,6.118069,,84621.284306,0.048594,0,41.569193,1.052405,0,,1,0,0,0,138.430814,1.052405,0.065919,-0.281926,-1,-0.005544,421690.680141,472355.578698,3.776861,-9.225692,11.168405,34953.44896,15102.008789,150.81192,15102.045898,209744.208455,113.786707,-6175.946199,46.371117,354.673655,1,,0,,,,,,EntryBurn,0,0,3404.871413,-928.878706,,,,,,,,,,,,,,,,,,,,,,,,0,None,,,,,,,,,,,,,,,,,,,,,,,,1,0,0,,,0.541319,,,
7.8,-,0,0,0,,,,66045.129434,2121.670209,1852.897628,926.472724,255.424936,6.124195,,84615.791142,0.051426,0,44.513581,1.22521,0,,1,0,0,0,135.486419,1.22521,0.067935,-0.33064,-1,-0.005901,421674.371893,472361.108792,3.892367,-9.821543,11.43839,34942.853052,15097.077148,150.725891,15097.080078,206879.97818,113.781115,-6175.957746,46.368679,354.670596,1,,0,,,,,,EntryBurn,0,0,3402.034581,-926.472724,,,,,,,,,,,,,,,,,,,,,,,,0,None,,,,,,,,,,,,,,,,,,,,,,,,1,0,0,,,0.542557,,,
8.06,-,0,0,0,,,,66284.988858,2120.49734,1851.551404,924.060772,247.081728,6.130402,,84610.223114,0.054263,0,47.634821,1.424699,0,,1,0,0,0,132.365176,1.424699,0.079181,-0.384353,-1,-0.006897,421698.058907,472421.229367,4.536746,-11.476207,12.048416,34935.364496,15095.222656,150.751678,15095.213867,211339.464188,113.774874,-6175.970969,46.366208,354.667495,1,,0,,,,,,EntryBurn,0,0,3399.18109,-924.060772,,,,,,,,,,,,,,,,,,,,,,,,0,None,,,,,,,,,,,,,,,,,,,,,,,,1,0,0,,,0.543856,,,
8.32,-,0,0,0,,,,66524.142849,2119.316151,1850.196821,921.642913,239.012315,6.136673,,84604.382217,0.057196,0,50.716138,1.647499,0,,1,0,0,0,129.283862,1.647499,0.08032,-0.447546,-1,-0.007231,421721.442566,472439.454776,4.601978,-12.029983,11.539557,34917.074567,15091.819336,150.688354,15091.811523,225513.381958,113.767997,-6175.986069,46.363713,354.664364,1,,0,,,,,,EntryBurn,0,0,3396.301002,-921.642913,,,,,,,,,,,,,,,,,,,,,,,,0,None,,,,,,,,,,,,,,,,,,,,,,,,1,0,0,,,0.545217,,,
8.58,-,0,0,0,,,,66762.597022,2118.125899,1848.833296,919.219311,231.207434,6.142994,,84598.182142,0.060192,0,53.995278,1.900418,0,,1,0,0,0,126.004731,1.900418,0.098671,-0.514316,-1,-0.008342,421797.868548,472492.041951,5.65341,-13.880339,12.443587,34939.26169,15088.198242,150.766693,15088.233398,241961.491108,113.760494,-6176.003238,46.361212,354.661224,1,,0,,,,,,EntryBurn,0,0,3393.388642,-919.219311,,,,,,,,,,,,,,,,,,,,,,,,0,None,,,,,,,,,,,,,,,,,,,,,,,,1,0,0,,,0.546646,,,
8.84,-,0,0,0,,,,67000.330377,2116.92603,1847.460485,916.789475,223.658049,6.149346,,84591.607034,0.063209,0,57.404084,2.18178,0,,1,0,0,0,122.595926,2.18178,0.108242,-0.591662,-1,-0.008867,421853.832779,472483.289523,6.201802,-14.768138,12.215377,34964.988251,15084.139648,150.739243,15084.160156,254060.442448,113.752326,-6176.022557,46.358742,354.658122,1,,0,,,,,,EntryBurn,0,0,3390.443345,-916.789475,,,,,,,,,,,,,,,,,,,,,,,,0,None,,,,,,,,,,,,,,,,,,,,,,,,1,0,0,,,0.548137,,,
9.1,-,0,0,0,,,,67237.355724,2115.716182,1846.0782,914.353336,216.355567,6.155713,,84584.605038,0.066153,0,60.909576,2.496984,0,,1,0,0,0,119.090424,2.496984,0.121785,-0.677636,-1,-0.009602,421830.924639,472557.463198,6.977771,-15.980589,12.713554,34931.488402,15081.060547,150.702057,15081.12207,271696.39349,113.743487,-6176.044106,46.356328,354.65509,1,,0,,,,,,EntryBurn,0,0,3387.461944,-914.353337,,,,,,,,,,,,,,,,,,,,,,,,0,None,,,,,,,,,,,,,,,,,,,,,,,,1,0,0,,,0.54968,,,
9.36,-,0,0,0,,,,67473.663504,2114.4972,1844.687493,911.910734,209.291645,6.162083,,84577.250063,0.068797,0,64.351741,2.845122,0,,1,0,0,0,115.648262,2.845122,0.126439,-0.775261,-1,-0.010163,421909.042561,472577.817646,7.24445,-16.935873,12.862606,34970.751393,15076.668945,150.671524,15076.648438,281950.449944,113.733965,-6176.067672,46.354015,354.652183,1,,0,,,,,,EntryBurn,0,0,3384.447924,-911.910735,,,,,,,,,,,,,,,,,,,,,,,,0,None,,,,,,,,,,,,,,,,,,,,,,,,1,0,0,,,0.551265,,,
9.62,-,0,0,0,,,,67709.252123,2113.270678,1843.290244,909.462272,202.458224,6.168446,,84569.640696,0.070815,0,68.167377,3.233,0,,1,0,0,0,111.832624,3.233,0.141631,-0.881144,-1,-0.010741,421958.748305,472608.477543,8.114849,-17.895798,12.789454,34967.520246,15071.733398,150.684494,15071.714844,291358.551979,113.723837,-6176.092947,46.351852,354.649464,1,,0,,,,,,EntryBurn,0,0,3381.408065,-909.462271,,,,,,,,,,,,,,,,,,,,,,,,0,None,,,,,,,,,,,,,,,,,,,,,,,,1,0,0,,,0.552873,,,
9.88,-,0,0,0,,,,67944.108394,2112.037463,1841.887494,907.008547,195.847781,6.174792,,84561.758339,0.072389,0,71.875522,3.653631,0,,1,0,0,0,108.124473,3.653631,0.161036,-0.995283,-1,-0.011336,421988.504994,472663.044961,9.226665,-18.887005,12.894066,34967.204697,15069.405273,150.690445,15069.456055,301602.00119,113.713156,-6176.119795,46.349869,354.646972,1,,0,,,,,,EntryBurn,0,0,3378.341399,-907.008547,,,,,,,,,,,,,,,,,,,,,,,,0,None,,,,,,,,,,,,,,,,,,,,,,,,1,0,0,,,0.554489,,,
10.14,-,0,0,0,,,,68178.248528,2110.799912,1840.481831,904.549844,189.452559,6.181112,,84553.76333,0.073283,0,75.701192,4.109974,0,,1,0,0,0,104.298808,4.109974,0.17174,-1,-1,-0.011497,421962.228352,472696.049205,9.839981,-19.145861,12.678253,34928.033207,15064.639648,150.594772,15064.666992,301580.719948,113.701974,-6176.147698,46.348118,354.64477,1,,0,,,,,,EntryBurn,0,0,3375.256735,-904.549845,,,,,,,,,,,,,,,,,,,,,,,,0,None,,,,,,,,,,,,,,,,,,,,,,,,1,0,0,,,0.556093,,,
10.4,-,0,0,0,,,,68411.668162,2109.560437,1839.075939,902.087368,183.265284,6.1874,,84545.808136,0.073255,0,79.625037,4.60235,0,,1,0,0,0,100.374953,4.60235,0.192782,-1,-0.970219,-0.011974,422124.874827,472747.796999,11.045607,-19.979326,12.9768,35010.948346,15058.817383,150.653336,15058.824219,297470.049858,113.690415,-6176.176217,46.346645,354.642917,1,,0,,,,,,EntryBurn,0,0,3372.164174,-902.087369,,,,,,,,,,,,,,,,,,,,,,,,0,None,,,,,,,,,,,,,,,,,,,,,,,,1,0,0,,,0.557656,,,
10.66,-,0,0,0,,,,68644.367315,2108.321164,1837.672211,899.623843,177.278667,6.193652,,84537.960351,0.072566,0,83.53509,5.132232,0,,1,0,0,0,96.464911,5.132232,0.211,-1,-0.928335,-0.012427,422214.568428,472822.180869,12.089428,-20.756729,12.578045,35023.68593,15056.518555,150.555725,15056.585938,294707.574844,113.678761,-6176.205129,46.345472,354.641442,1,,0,,,,,,EntryBurn,0,0,3369.069904,-899.623843,,,,,,,,,,,,,,,,,,,,,,,,0,None,,,,,,,,,,,,,,,,,,,,,,,,1,0,0,,,0.559154,,,
10.92,-,0,0,0,,,,68876.376205,2107.084305,1836.272793,897.159011,171.485074,6.199857,,84530.085385,0.071419,0,87.467282,5.694167,0,,1,0,0,0,92.532721,5.694167,0.225582,-1,-0.973584,-0.013028,422152.151321,472832.027587,12.924907,-21.729424,12.04715,34984.206702,15052.455078,150.601501,15052.493164,298473.677635,113.667001,-6176.233896,46.344609,354.640356,1,,0,,,,,,EntryBurn,0,0,3365.965898,-897.159011,,,,,,,,,,,,,,,,,,,,,,,,0,None,,,,,,,,,,,,,,,,,,,,,,,,1,0,0,,,0.560563,,,
11.18,-,0,0,0,,,,69107.684834,2105.852255,1834.880242,894.695661,165.87786,6.206011,,84522.248685,0.069732,0,91.483121,6.270822,0,,1,0,0,0,88.516878,6.270822,0.242705,-1,-0.888309,-0.013143,422201.20061,472891.25162,13.905945,-21.921818,11.915422,34971.109143,15046.204102,150.538727,15046.242188,287952.430248,113.655413,-6176.262239,46.344061,354.639666,1,,0,,,,,,EntryBurn,0,0,3362.859125,-894.695661,,,,,,,,,,,,,,,,,,,,,,,,0,None,,,,,,,,,,,,,,,,,,,,,,,,1,0,0,,,0.561791,,,
11.44,-,0,0,0,,,,69338.331415,2104.624252,1833.494423,892.245794,160.449367,6.212104,,84515.359104,0.067494,0,95.40382,6.7417,0,,1,0,0,0,84.596214,6.7417,0.260454,-1,-0.397186,-0.013518,422296.761173,473002.317309,14.922905,-22.561815,11.634373,35017.939503,15043.588867,150.641495,15043.672852,224391.714334,113.645184,-6176.291519,46.343762,354.63929,1,,0,,,,,,EntryBurn,0,0,3359.811433,-892.245794,,,,,,,,,,,,,,,,,,,,,,,,0,None,,,,,,,,,,,,,,,,,,,,,,,,1,0,0,,,0.562822,,,
11.68,-,0,0,0,,,,69568.338511,2103.419529,1832.134621,889.832521,155.193484,6.218145,,84512.044728,0.060631,0,99.307082,6.961372,0,,1,0,0,0,80.692926,6.961372,0.269139,-1,-0.001534,-0.012844,422331.467414,472968.964556,15.420526,-21.439968,10.861917,35003.187633,15043.197266,150.559097,15043.229492,93967.77153,113.638635,-6176.319532,46.343559,354.639118,1,,0,,,,,,EntryBurn,0,0,3356.989153,-889.832521,,,,,,,,,,,,,,,,,,,,,,,,0,None,,,,,,,,,,,,,,,,,,,,,,,,1,0,0,,,0.56377,,,
11.96,-,0,0,0,,,,69797.755446,2102.226792,1830.788031,887.432502,150.104475,6.224155,,84509.107172,0.0542,0,102.8773,7.097169,0,,1,0,0,0,77.122711,7.097169,0.281329,-1,0.154158,-0.011935,422422.434181,473012.682425,16.118988,-19.962654,10.443576,35074.988844,15041.116211,150.564316,15041.158203,122454.885244,113.63342,-6176.346589,46.343433,354.638876,1,,0,,,,,,EntryBurn,0,0,3354.194841,-887.432502,,,,,,,,,,,,,,,,,,,,,,,,0,None,,,,,,,,,,,,,,,,,,,,,,,,1,0,0,,,0.564764,,,
12.22,-,0,0,0,,,,70026.601412,2101.04009,1829.44823,885.038632,145.171975,6.230059,,84505.615175,0.052959,0,106.578774,7.189826,0,,1,0,0,0,73.42123,7.189826,0.292938,-1,0.245205,-0.011042,422457.423051,473008.532967,16.784111,-18.462606,9.894806,35056.238371,15039.00293,150.530655,15038.991211,136558.440924,113.628821,-6176.373371,46.343358,354.638781,1,,0,,,,,,EntryBurn,0,0,3351.369892,-885.038632,,,,,,,,,,,,,,,,,,,,,,,,0,None,,,,,,,,,,,,,,,,,,,,,,,,1,0,0,,,0.565796,,,
12.48,-,0,0,0,,,,70254.916339,2099.860807,1828.116689,882.650632,140.391188,6.235845,,84501.8484,0.05128,0,109.895143,7.265729,0,,1,0,0,0,70.104854,7.265729,0.304667,-1,0.31631,-0.009828,422457.476576,473067.749203,17.456127,-16.435417,8.59744,35068.361317,15036.87793,150.566086,15037.003906,147750.630379,113.624816,-6176.399526,46.343361,354.638785,1,,0,,,,,,EntryBurn,0,0,3348.52955,-882.650632,,,,,,,,,,,,,,,,,,,,,,,,0,None,,,,,,,,,,,,,,,,,,,,,,,,1,0,0,,,0.566846,,,
12.74,-,0,0,0,,,,70482.695184,2098.689426,1826.7937,880.268372,135.758927,6.2415,,84497.832716,0.049436,0,113.036805,7.318127,0,,1,0,0,0,66.963201,7.318127,0.311204,-1,0.383088,-0.008959,422430.0023,473030.73339,17.830685,-14.971498,8.07321,35030.749765,15034.804688,150.513153,15034.791016,156534.935236,113.621382,-6176.424929,46.343417,354.638855,1,,0,,,,,,EntryBurn,0,0,3345.675066,-880.268372,,,,,,,,,,,,,,,,,,,,,,,,0,None,,,,,,,,,,,,,,,,,,,,,,,,1,0,0,,,0.567894,,,
13,-,0,0,0,,,,70709.980942,2097.525692,1825.478879,877.891509,131.27072,6.247011,,84493.571341,0.047576,0,116.109868,7.348336,0,,1,0,0,0,63.890139,7.348336,0.322302,-1,0.443281,-0.007806,422498.738651,473074.064523,18.466558,-13.057066,7.464129,35060.927485,15032.250977,150.5,15032.261719,161879.054308,113.618492,-6176.449602,46.343507,354.638969,1,,0,,,,,,EntryBurn,0,0,3342.806182,-877.891509,,,,,,,,,,,,,,,,,,,,,,,,0,None,,,,,,,,,,,,,,,,,,,,,,,,1,0,0,,,0.568944,,,
13.24,-,0,0,0,,,,70936.777288,2096.369527,1824.172054,875.519601,126.923105,6.252363,,84489.105523,0.045782,0,118.878927,7.364056,0,,1,0,0,0,61.121072,7.364056,0.336841,-1,0.499097,-0.006918,422507.237713,473100.254754,19.299587,-11.568425,6.352464,35042.139901,15030.103516,150.466736,15030.12793,173133.425713,113.616094,-6176.473519,46.343621,354.639196,1,,0,,,,,,EntryBurn,0,0,3339.92491,-875.519602,,,,,,,,,,,,,,,,,,,,,,,,0,None,,,,,,,,,,,,,,,,,,,,,,,,1,0,0,,,0.570007,,,
13.52,-,0,0,0,,,,71163.102061,2095.220942,1822.873108,873.15248,122.712064,6.25754,,84484.420121,0.044111,0,121.352584,7.366194,0,,1,0,0,0,58.647426,7.366194,0.328165,-1,0.556433,-0.006037,422441.827788,473057.317658,18.802494,-10.080132,5.914832,35001.865463,15026.466797,150.501953,15026.464844,180808.303356,113.614165,-6176.496661,46.343741,354.639264,1,,0,,,,,,EntryBurn,0,0,3337.030025,-873.15248,,,,,,,,,,,,,,,,,,,,,,,,0,None,,,,,,,,,,,,,,,,,,,,,,,,1,0,0,,,0.571027,,,
13.76,-,0,0,0,,,,71388.970763,2094.079322,1821.581325,870.789605,118.633321,6.262527,,84479.509056,0.042525,0,123.749076,7.349045,0,,1,0,0,0,56.250928,7.349045,0.333962,-1,0.612023,-0.005102,422475.761649,473152.135277,19.134617,-8.518947,5.722256,34995.969504,15024.467773,150.492554,15024.563477,191251.916885,113.612654,-6176.519117,46.343852,354.639487,1,,0,,,,,,EntryBurn,0,0,3334.120902,-870.789606,,,,,,,,,,,,,,,,,,,,,,,,0,None,,,,,,,,,,,,,,,,,,,,,,,,1,0,0,,,0.571994,,,
14.04,-,0,0,0,,,,71614.390974,2092.944543,1820.296503,868.430617,114.68344,6.267306,,84474.399626,0.041127,0,125.650655,7.322681,0,,1,0,0,0,54.349352,7.322681,0.351321,-1,0.668646,-0.004072,422541.965065,473129.619608,20.129213,-6.810138,5.462309,35037.992803,15021.62207,150.412735,15021.677734,196427.791119,113.611517,-6176.54088,46.343945,354.639522,1,,0,,,,,,EntryBurn,0,0,3331.198462,-868.430616,,,,,,,,,,,,,,,,,,,,,,,,0,None,,,,,,,,,,,,,,,,,,,,,,,,1,0,0,,,0.572903,,,
14.3,-,0,0,0,,,,71839.381008,2091.815839,1819.017885,866.074987,110.858384,6.271862,,84469.119132,0.039849,0,127.345039,7.284064,0,,1,0,0,0,52.654964,7.284064,0.356975,-1,0.722147,-0.002476,422612.273402,473184.743017,20.453163,-4.142317,4.797833,35044.173692,15022.290039,150.414825,15022.362305,203919.792175,113.610699,-6176.562076,46.344024,354.63962,1,,0,,,,,,EntryBurn,0,0,3328.26369,-866.074986,,,,,,,,,,,,,,,,,,,,,,,,0,None,,,,,,,,,,,,,,,,,,,,,,,,1,0,0,,,0.573704,,,
14.54,-,0,0,0,,,,72063.951039,2090.692868,1817.745025,863.722484,107.154473,6.27618,,84463.620484,0.038819,0,128.698764,7.232946,0,,1,0,0,0,51.301233,7.232946,0.355049,-1,0.778255,-0.001868,422556.353993,473247.826078,20.342815,-3.121025,4.68492,35001.138393,15018.87793,150.434372,15018.87207,214466.714859,113.610188,-6176.582761,46.34407,354.639763,1,,0,,,,,,EntryBurn,0,0,3325.313916,-863.722485,,,,,,,,,,,,,,,,,,,,,,,,0,None,,,,,,,,,,,,,,,,,,,,,,,,1,0,0,,,0.574417,,,
14.82,-,0,0,0,,,,72288.118365,2089.574659,1816.476873,861.372478,103.568163,6.280243,,84457.903564,0.038062,0,129.774758,7.175328,0,,1,0,0,0,50.225239,7.175328,0.36121,-1,0.830827,-0.000849,422592.630264,473225.496001,20.695822,-1.419048,3.835626,35020.633356,15014.763672,150.368378,15014.803711,218740.780354,113.609907,-6176.603099,46.344074,354.639684,1,,0,,,,,,EntryBurn,0,0,3322.348141,-861.372477,,,,,,,,,,,,,,,,,,,,,,,,0,None,,,,,,,,,,,,,,,,,,,,,,,,1,0,0,,,0.575052,,,
15.06,-,0,0,0,,,,72511.875524,2088.460864,1815.213025,859.024594,100.095812,6.284033,,84452.000082,0.037446,0,130.490017,7.110182,0,,1,0,0,0,49.50999,7.110182,0.364183,-1,0.884188,0.000154,422675.03382,473232.762471,20.866123,0.256992,2.936818,35046.763685,15012.463867,150.365463,15012.466797,227324.724197,113.609819,-6176.623134,46.344027,354.639709,1,,0,,,,,,EntryBurn,0,0,3319.368264,-859.024594,,,,,,,,,,,,,,,,,,,,,,,,0,None,,,,,,,,,,,,,,,,,,,,,,,,1,0,0,,,0.575644,,,
15.32,-,0,0,0,,,,72735.245457,2087.351005,1813.953002,856.678743,96.733576,6.287537,,84445.867598,0.037062,0,130.885713,7.040797,0,,1,0,0,0,49.114295,7.040797,0.364597,-1,0.938949,0.001393,422669.783028,473264.306831,20.889885,2.329144,2.201229,35018.085973,15008.058594,150.378967,15008.075195,234635.915756,113.60992,-6176.642967,46.343928,354.639583,1,,0,,,,,,EntryBurn,0,0,3316.370985,-856.678743,,,,,,,,,,,,,,,,,,,,,,,,0,None,,,,,,,,,,,,,,,,,,,,,,,,1,0,0,,,0.576191,,,
15.6,-,0,0,0,,,,72958.219121,2086.244722,1812.696347,854.334419,93.478422,6.290739,,84439.527452,0.036848,0,130.903737,6.965392,0,,1,0,0,0,49.096265,6.965392,0.365664,-1,1,0.002456,422634.703007,473351.888336,20.950977,4.102974,3.09104,34986.114226,15006.450195,150.354965,15006.443359,241792.964935,113.610154,-6176.662635,46.343764,354.639293,1,,0,,,,,,EntryBurn,0,0,3313.358214,-854.334418,,,,,,,,,,,,,,,,,,,,,,,,0,None,,,,,,,,,,,,,,,,,,,,,,,,1,0,0,,,0.576706,,,
15.86,-,0,0,0,,,,73180.808006,2085.142256,1811.443317,851.991266,90.329238,6.293716,,84433.114827,0.036592,0,130.715372,6.889304,0,,1,0,0,0,49.284628,6.889304,0.376585,-1,1,0.003388,422727.922385,473373.085785,21.576757,5.666715,2.998335,35020.216742,14999.547852,150.313675,14999.567383,241667.175293,113.610493,-6176.682047,46.343544,354.639016,1,,0,,,,,,EntryBurn,0,0,3310.335492,-851.991267,,,,,,,,,,,,,,,,,,,,,,,,0,None,,,,,,,,,,,,,,,,,,,,,,,,1,0,0,,,0.57721,,,
16.12,-,0,0,0,,,,73403.000848,2084.044207,1810.194378,849.649055,87.287403,6.296633,,84426.702559,0.035985,0,130.232511,6.814765,0,,1,0,0,0,49.767492,6.814765,0.385065,-1,1,0.004648,422804.212888,473419.210199,22.062613,7.779468,2.491039,35051.517691,14995.874023,150.348404,14995.950195,241792.006493,113.610912,-6176.701044,46.343254,354.63865,1,,0,,,,,,EntryBurn,0,0,3307.307267,-849.649055,,,,,,,,,,,,,,,,,,,,,,,,0,None,,,,,,,,,,,,,,,,,,,,,,,,1,0,0,,,0.577695,,,
16.38,-,0,0,0,,,,73624.805763,2082.950092,1808.949052,847.30732,84.349357,6.299494,,84420.291007,0.035552,0,129.426344,6.747839,0,,1,0,0,0,50.573662,6.747839,0.381878,-1,1,0.005382,422925.856748,473467.708796,21.880011,9.016126,2.143781,35107.562717,14993.631836,150.458435,14993.589844,241413.898468,113.611366,-6176.719696,46.342898,354.6382,1,,0,,,,,,EntryBurn,0,0,3304.272633,-847.30732,,,,,,,,,,,,,,,,,,,,,,,,0,None,,,,,,,,,,,,,,,,,,,,,,,,1,0,0,,,0.578113,,,
16.64,-,0,0,0,,,,73846.206678,2081.859728,1807.70708,844.965625,81.511093,6.302294,,84413.879693,0.035185,0,128.298826,6.683717,0,,1,0,0,0,51.701182,6.683717,0.386485,-1,1,0.00622,423003.90084,473540.383787,22.143969,10.432427,2.039048,35146.938427,14989.880859,150.449615,14989.90625,241800.589561,113.611814,-6176.738003,46.342466,354.637654,1,,0,,,,,,EntryBurn,0,0,3301.230941,-844.965626,,,,,,,,,,,,,,,,,,,,,,,,0,None,,,,,,,,,,,,,,,,,,,,,,,,1,0,0,,,0.578481,,,
16.9,-,0,0,0,,,,74067.192335,2080.772058,1806.467353,842.622937,78.769179,6.305032,,84407.470047,0.034985,0,127.169249,6.62744,0,,1,0,0,0,52.830741,6.62744,0.389622,-1,1,0.007454,422952.344777,473547.960879,22.323687,12.491637,2.880775,35081.193419,14988.453125,150.306488,14988.470703,242029.104233,113.612159,-6176.756114,46.341956,354.63701,1,,0,,,,,,EntryBurn,0,0,3298.181625,-842.622937,,,,,,,,,,,,,,,,,,,,,,,,0,None,,,,,,,,,,,,,,,,,,,,,,,,1,0,0,,,0.578835,,,
17.14,-,0,0,0,,,,74287.750263,2079.686873,1805.229612,840.278673,76.119817,6.307706,,84401.058733,0.034942,0,126.027715,6.58299,0,,1,0,0,0,53.972286,6.58299,0.392421,-1,1,0.008505,423015.729764,473600.905116,22.484091,14.265918,2.370621,35112.965835,14980.495117,150.294464,14980.519531,241831.088066,113.612342,-6176.774025,46.341366,354.636349,1,,0,,,,,,EntryBurn,0,0,3295.122855,-840.278673,,,,,,,,,,,,,,,,,,,,,,,,0,None,,,,,,,,,,,,,,,,,,,,,,,,1,0,0,,,0.579178,,,
17.42,-,0,0,0,,,,74507.856407,2078.604446,1803.994109,837.932541,73.559285,6.310315,,84394.648373,0.034935,0,124.433298,6.559182,0,,1,0,0,0,55.566698,6.559182,0.390096,-1,1,0.009597,422952.430821,473630.000536,22.350838,16.072531,3.125216,35048.337107,14978.389648,150.252243,14978.427734,241494.259834,113.61234,-6176.791648,46.340697,354.635421,1,,0,,,,,,EntryBurn,0,0,3292.055628,-837.932541,,,,,,,,,,,,,,,,,,,,,,,,0,None,,,,,,,,,,,,,,,,,,,,,,,,1,0,0,,,0.579524,,,
17.68,-,0,0,0,,,,74727.478286,2077.523857,1802.759802,835.583339,71.084086,6.312854,,84388.238251,0.03505,0,123.198884,6.554589,0,,1,0,0,0,56.801118,6.554589,0.384659,-1,1,0.010565,422901.26976,473714.845738,22.039343,17.65309,3.816032,34970.926522,14978.519531,150.273285,14978.486328,241664.886475,113.612041,-6176.809085,46.33994,354.634463,1,,0,,,,,,EntryBurn,0,0,3288.977305,-835.583339,,,,,,,,,,,,,,,,,,,,,,,,0,None,,,,,,,,,,,,,,,,,,,,,,,,1,0,0,,,0.579874,,,
17.94,-,0,0,0,,,,74946.598489,2076.445565,1801.527288,833.230887,68.689015,6.315245,,84381.831467,0.035075,0,121.7536,6.568272,0,,1,0,0,0,58.246409,6.568272,0.397237,-1,1,0.011266,423110.613717,473801.503127,22.759987,18.894068,3.690126,35094.006632,14971.332031,150.249313,14971.369141,241781.964302,113.611423,-6176.826218,46.33912,354.633427,1,,0,,,,,,EntryBurn,0,0,3285.888514,-833.230887,,,,,,,,,,,,,,,,,,,,,,,,0,None,,,,,,,,,,,,,,,,,,,,,,,,1,0,0,,,0.580217,,,
18.18,-,0,0,0,,,,75165.180363,2075.368018,1800.294909,830.873662,66.368221,6.317355,,84375.420272,0.03543,0,120.309607,6.60946,0,,1,0,0,0,59.690398,6.60946,0.398067,-1,1,0.012502,423143.636856,473804.288377,22.80756,20.966656,4.064333,35096.99696,14968.668945,150.253296,14968.625977,242064.299583,113.610355,-6176.843266,46.338229,354.632385,1,,0,,,,,,EntryBurn,0,0,3282.786717,-830.873661,,,,,,,,,,,,,,,,,,,,,,,,0,None,,,,,,,,,,,,,,,,,,,,,,,,1,0,0,,,0.580542,,,
18.46,-,0,0,0,,,,75383.181947,2074.292238,1799.063832,828.511803,64.120396,6.319192,,84369.015992,0.035662,0,119.068812,6.6812,0,,1,0,0,0,60.931188,6.6812,0.395335,-1,1,0.013587,423023.99949,473858.617364,22.65103,22.718985,4.579829,34992.642317,14966.765625,150.256989,14966.78418,240667.076111,113.60885,-6176.860011,46.337295,354.631121,1,,0,,,,,,EntryBurn,0,0,3279.672468,-828.511804,,,,,,,,,,,,,,,,,,,,,,,,0,None,,,,,,,,,,,,,,,,,,,,,,,,1,0,0,,,0.5808,,,
18.7,-,0,0,0,,,,75600.56641,2073.217438,1797.83332,826.144356,61.94399,6.320758,,84362.606347,0.035917,0,117.7933,6.785458,0,,1,0,0,0,62.206715,6.785458,0.388368,-1,1,0.014209,423083.346582,473860.822945,22.251829,23.797569,5.882006,35030.060562,14963.482422,150.173218,14963.506836,241819.295883,113.606824,-6176.876552,46.336332,354.629987,1,,0,,,,,,EntryBurn,0,0,3276.54446,-826.144356,,,,,,,,,,,,,,,,,,,,,,,,0,None,,,,,,,,,,,,,,,,,,,,,,,,1,0,0,,,0.580992,,,
18.96,-,0,0,0,,,,75817.273176,2072.144359,1796.604215,823.771307,59.837772,6.322067,,84356.197059,0.036013,0,116.879457,6.922698,0,,1,0,0,0,63.120537,6.922698,0.389226,-1,1,0.015323,423144.975529,473852.646491,22.301035,25.667572,6.321179,35046.851529,14957.682617,150.222214,14957.604492,241826.119423,113.604277,-6176.89272,46.335361,354.628758,1,,0,,,,,,EntryBurn,0,0,3273.401933,-823.771308,,,,,,,,,,,,,,,,,,,,,,,,0,None,,,,,,,,,,,,,,,,,,,,,,,,1,0,0,,,0.581252,,,
19.24,-,0,0,0,,,,76033.269333,2071.072929,1795.376596,821.392368,57.800132,6.323129,,84349.789917,0.035995,0,116.089682,7.090959,0,,1,0,0,0,63.910324,7.090959,0.391296,-1,1,0.01671,423087.093084,473941.214657,22.419622,27.941675,7.631271,34968.907639,14957.026367,150.151047,14957.054688,241953.887939,113.601183,-6176.908513,46.334409,354.627469,1,,0,,,,,,EntryBurn,0,0,3270.245896,-821.392367,,,,,,,,,,,,,,,,,,,,,,,,0,None,,,,,,,,,,,,,,,,,,,,,,,,1,0,0,,,0.581536,,,
19.5,-,0,0,0,,,,76248.492082,2070.002346,1794.149766,819.006811,55.829439,6.323949,,84343.380034,0.036257,0,115.513949,7.294701,0,,1,0,0,0,64.486056,7.294701,0.386374,-1,1,0.017613,423185.340001,473959.491055,22.137594,29.49218,7.971284,35003.678408,14953.084961,150.095001,14953.083008,242069.277763,113.597479,-6176.924053,46.333493,354.626311,1,,0,,,,,,EntryBurn,0,0,3267.073782,-819.006811,,,,,,,,,,,,,,,,,,,,,,,,0,None,,,,,,,,,,,,,,,,,,,,,,,,1,0,0,,,0.58182,,,
19.74,-,0,0,0,,,,76462.894333,2068.934078,1792.925476,816.615614,53.924213,6.324539,,84336.972535,0.036144,0,115.26611,7.532192,0,,1,0,0,0,64.733898,7.532192,0.392182,-1,1,0.018528,423233.122751,473952.93348,22.47035,31.042278,8.688302,35026.810099,14950.151367,150.1017,14950.137695,241851.716042,113.593268,-6176.939097,46.332658,354.625337,1,,0,,,,,,EntryBurn,0,0,3263.887837,-816.615614,,,,,,,,,,,,,,,,,,,,,,,,0,None,,,,,,,,,,,,,,,,,,,,,,,,1,0,0,,,0.582101,,,
20.02,-,0,0,0,,,,76676.432654,2067.868052,1791.703699,814.218809,52.082857,6.32491,,84330.571592,0.035967,0,115.412683,7.802286,0,,1,0,0,0,64.587314,7.802286,0.375922,-1,1,0.019852,423156.692838,473941.742735,21.53875,33.19545,9.16453,34969.773367,14944.139648,150.152222,14944.177734,241952.633858,113.588546,-6176.95367,46.331908,354.624305,1,,0,,,,,,EntryBurn,0,0,3260.687635,-814.218809,,,,,,,,,,,,,,,,,,,,,,,,0,None,,,,,,,,,,,,,,,,,,,,,,,,1,0,0,,,0.582374,,,
20.26,-,0,0,0,,,,76889.048006,2066.803972,1790.484568,811.816859,50.303617,6.325072,,84324.167311,0.035727,0,115.813718,8.106887,0,,1,0,0,0,64.186291,8.106887,0.376772,-1,1,0.020586,423177.447141,473971.496314,21.587471,34.412949,10.480141,34946.252359,14941.773438,150.097534,14941.771484,241859.316826,113.583366,-6176.967888,46.331303,354.623622,1,,0,,,,,,EntryBurn,0,0,3257.473276,-811.816859,,,,,,,,,,,,,,,,,,,,,,,,0,None,,,,,,,,,,,,,,,,,,,,,,,,1,0,0,,,0.582632,,,
20.52,-,0,0,0,,,,77100.713883,2065.743139,1789.269588,809.411268,48.58511,6.325035,,84317.763984,0.03536,0,116.615062,8.435529,0,,1,0,0,0,63.384939,8.435529,0.353646,-1,1,0.021631,423240.866356,474005.320063,20.262444,36.188915,11.734818,34966.26624,14937.009766,150.064423,14937.038086,241932.783127,113.577863,-6176.981593,46.330865,354.623067,1,,0,,,,,,EntryBurn,0,0,3254.246827,-809.411269,,,,,,,,,,,,,,,,,,,,,,,,0,None,,,,,,,,,,,,,,,,,,,,,,,,1,0,0,,,0.582888,,,
20.8,-,0,0,0,,,,77311.391936,2064.68591,1788.05931,807.003285,46.925509,6.324811,,84311.361015,0.034842,0,117.753641,8.783987,0,,1,0,0,0,62.24636,8.783987,0.346079,-1,1,0.023197,423274.169672,474010.271705,19.828873,38.790165,12.892297,34960.806449,14935.363281,150.111435,14935.444336,241914.849281,113.572151,-6176.994817,46.33061,354.622661,1,,0,,,,,,EntryBurn,0,0,3251.009071,-807.003285,,,,,,,,,,,,,,,,,,,,,,,,0,None,,,,,,,,,,,,,,,,,,,,,,,,1,0,0,,,0.583133,,,
21.06,-,0,0,0,,,,77521.043534,2063.633551,1786.855238,804.594977,45.323222,6.324413,,84304.959595,0.034041,0,119.377391,9.138096,0,,1,0,0,0,60.622622,9.138096,0.332573,-1,1,0.024204,423257.887456,474020.056917,19.055033,40.460625,13.963809,34928.771679,14930.540039,150.023376,14930.607422,241852.149963,113.566418,-6177.007461,46.330559,354.622597,1,,0,,,,,,EntryBurn,0,0,3247.763355,-804.594977,,,,,,,,,,,,,,,,,,,,,,,,0,None,,,,,,,,,,,,,,,,,,,,,,,,1,0,0,,,0.583358,,,
21.32,-,0,0,0,,,,77729.670048,2062.586544,1785.658098,802.18841,43.776633,6.323853,,84298.553646,0.033029,0,121.358276,9.484409,0,,1,0,0,0,58.641729,9.484409,0.322599,-1,1,0.024734,423295.960076,474050.747957,18.483538,41.358963,14.259853,34938.391022,14927.555664,150.021591,14927.591797,241904.187202,113.560856,-6177.019598,46.330728,354.622811,1,,0,,,,,,EntryBurn,0,0,3244.510578,-802.188409,,,,,,,,,,,,,,,,,,,,,,,,0,None,,,,,,,,,,,,,,,,,,,,,,,,1,0,0,,,0.583556,,,
21.58,-,0,0,0,,,,77937.272517,2061.546675,1784.469773,799.786368,42.284036,6.323144,,84292.152822,0.031691,0,123.618468,9.805563,0,,1,0,0,0,56.381541,9.805563,0.302343,-1,1,0.026228,423414.03649,474113.298682,17.322987,43.919571,16.139538,34983.2001,14925.351563,150.001129,14925.335938,242003.808022,113.555713,-6177.031069,46.33111,354.623294,1,,0,,,,,,EntryBurn,0,0,3241.255783,-799.786368,,,,,,,,,,,,,,,,,,,,,,,,0,None,,,,,,,,,,,,,,,,,,,,,,,,1,0,0,,,0.583711,,,
21.84,-,0,0,0,,,,78143.856308,2060.513457,1783.289898,797.390649,40.843661,6.322297,,84285.747826,0.030431,0,126.420914,10.072853,0,,1,0,0,0,53.579103,10.072853,0.279809,-1,1,0.027092,423362.248624,474176.437022,16.031889,45.292652,17.917763,34932.577005,14922.212891,150.026566,14922.189453,241853.885651,113.551139,-6177.042142,46.331698,354.624039,1,,0,,,,,,EntryBurn,0,0,3237.999465,-797.390649,,,,,,,,,,,,,,,,,,,,,,,,0,None,,,,,,,,,,,,,,,,,,,,,,,,1,0,0,,,0.583827,,,
22.1,-,0,0,0,,,,78349.447991,2059.504484,1782.133951,795.011405,39.454033,6.321332,,84281.895697,0.023968,0,129.531253,10.275231,0,,1,0,0,0,50.468747,10.275231,0.259157,-1,1,0.027786,423436.060419,474212.236453,14.848623,46.526928,18.123291,34974.155749,14919.722656,149.965179,14919.707031,0,113.548071,-6177.049698,46.332151,354.624614,1,,0,,,,,,EntryBurn,0,0,3234.887964,-795.011405,,,,,,,,,,,,,,,,,,,,,,,,0,None,,,,,,,,,,,,,,,,,,,,,,,,1,0,0,,,0.583934,,,
22.36,-,0,0,0,,,,78554.117848,2058.526342,1781.00634,792.649873,38.114341,6.320348,,84281.895697,0.009742,0,132.831134,10.409519,0,,1,0,0,0,47.16887,10.409519,0.235199,-1,1,0.027368,423473.10745,474215.720729,13.475934,45.863873,19.370621,34994.051437,14921.662109,149.929733,14921.630859,0,113.546634,-6177.052338,46.332155,354.624619,1,,0,,,,,,EntryBurn,0,0,3231.989584,-792.649873,,,,,,,,,,,,,,,,,,,,,,,,0,None,,,,,,,,,,,,,,,,,,,,,,,,1,0,0,,,0.584042,,,
22.619999,-,0,0,0,,,,78757.917187,2057.552781,1779.883756,790.290414,36.821569,6.319253,,84281.895697,0.007169,0,136.394336,10.483722,0,,1,0,0,0,43.605675,10.483722,0.198161,-1,1,0.027721,423463.946491,474266.680261,11.353787,46.438545,21.176243,34982.331154,14921.016602,149.934265,14921.071289,0,113.545377,-6177.054667,46.332188,354.624661,1,,0,,,,,,EntryBurn,0,0,3229.085129,-790.290414,,,,,,,,,,,,,,,,,,,,,,,,0,None,,,,,,,,,,,,,,,,,,,,,,,,1,0,0,,,0.584136,,,
22.859999,-,0,0,0,,,,78960.892014,2056.583988,1778.766296,787.933281,35.573869,6.318039,,84281.895697,0.006134,0,139.944159,10.520154,0,,1,0,0,0,40.055851,10.520154,0.168384,-1,1,0.027255,423512.767311,474256.845176,9.647669,45.678562,21.858757,35026.214012,14917.269531,150.055862,14917.273438,0,113.544322,-6177.056664,46.332235,354.624803,1,,0,,,,,,EntryBurn,0,0,3226.175075,-787.933281,,,,,,,,,,,,,,,,,,,,,,,,0,None,,,,,,,,,,,,,,,,,,,,,,,,1,0,0,,,0.584233,,,
23.119999,-,0,0,0,,,,79163.09443,2055.619539,1777.653518,785.57825,34.369555,6.316713,,84281.895697,0.005294,0,143.721015,10.523013,0,,1,0,0,0,36.278979,10.523013,0.133504,-1,1,0.027714,423502.84302,474316.425245,7.649213,46.426666,21.778028,35003.268978,14919.800781,150.025131,14919.806641,0,113.543442,-6177.058406,46.332291,354.624875,1,,0,,,,,,EntryBurn,0,0,3223.258624,-785.57825,,,,,,,,,,,,,,,,,,,,,,,,0,None,,,,,,,,,,,,,,,,,,,,,,,,1,0,0,,,0.584337,,,
23.399999,-,0,0,0,,,,79364.5966,2054.659307,1776.545256,783.225349,33.206896,6.315283,,84281.895697,0.004449,0,147.495609,10.50998,0,,1,0,0,0,32.504394,10.50998,0.099457,-1,1,0.027724,423588.639189,474308.366688,5.698488,46.556499,22.835121,35080.922114,14919.807617,149.993195,14919.84668,0,113.542739,-6177.059925,46.33235,354.624867,1,,0,,,,,,EntryBurn,0,0,3220.335783,-783.225349,,,,,,,,,,,,,,,,,,,,,,,,0,None,,,,,,,,,,,,,,,,,,,,,,,,1,0,0,,,0.584435,,,
23.659999,-,0,0,0,,,,79565.471714,2053.703184,1775.441361,780.874455,32.084183,6.313756,,84281.895697,0.003618,0,151.317458,10.492079,0,,1,0,0,0,28.682541,10.492079,0.064475,-1,1,0.02719,423582.555647,474293.74195,3.694134,45.668739,23.627266,35088.500858,14918.888672,149.991928,14919.044922,0,113.542209,-6177.061233,46.332406,354.624938,1,,0,,,,,,EntryBurn,0,0,3217.406752,-780.874455,,,,,,,,,,,,,,,,,,,,,,,,0,None,,,,,,,,,,,,,,,,,,,,,,,,1,0,0,,,0.584527,,,
23.919999,-,0,0,0,,,,79765.764447,2052.750597,1774.34128,778.525196,30.999811,6.312137,,84281.895697,0.003013,0,154.735037,10.478478,0,,1,0,0,0,25.264956,10.478478,0.031888,-1,1,0.027796,423506.037796,474291.598119,1.82706,46.572121,23.570187,35030.036079,14920.262695,150.112244,14920.334961,0,113.541808,-6177.062428,46.332462,354.625009,1,,0,,,,,,EntryBurn,0,0,3214.471101,-778.525196,,,,,,,,,,,,,,,,,,,,,,,,0,None,,,,,,,,,,,,,,,,,,,,,,,,1,0,0,,,0.584613,,,
24.179999,-,0,0,0,,,,79965.547354,2051.80171,1773.245035,776.177319,29.952149,6.310435,,84281.895697,0.002499,0,157.771931,10.487254,0,,1,0,0,0,22.22807,10.487254,-0.002886,-1,1,0.027476,423656.875704,474356.667245,-0.165337,46.160671,23.751596,35123.510358,14919.166016,150.105804,14919.097656,0,113.541522,-6177.063451,46.3325,354.625057,1,,0,,,,,,EntryBurn,0,0,3211.528056,-776.177318,,,,,,,,,,,,,,,,,,,,,,,,0,None,,,,,,,,,,,,,,,,,,,,,,,,1,0,0,,,0.584693,,,
24.439999,-,0,0,0,,,,80164.883461,2050.855389,1772.151554,773.830178,28.939722,6.308653,,84281.895697,0.002236,0,160.356166,10.512252,0,,1,0,0,0,19.643833,10.512252,-0.028294,-1,1,0.027824,423521.479128,474372.633776,-1.621118,46.610844,23.873775,35007.545808,14921.901367,150.042435,14921.90918,0,113.541283,-6177.064504,46.33253,354.625095,1,,0,,,,,,EntryBurn,0,0,3208.576794,-773.830179,,,,,,,,,,,,,,,,,,,,,,,,0,None,,,,,,,,,,,,,,,,,,,,,,,,1,0,0,,,0.584717,,,
24.699999,-,0,0,0,,,,80363.827007,2049.912372,1771.061516,771.483949,27.961749,6.306799,,84281.895697,0.001955,0,161.743635,10.572121,0,,1,0,0,0,18.25636,10.572121,-0.064621,-1,1,0.027544,423498.337999,474412.727798,-3.702521,46.114746,23.523211,34988.558632,14921.737305,150.050934,14921.742188,0,113.541118,-6177.065435,46.332544,354.625113,1,,0,,,,,,EntryBurn,0,0,3205.617914,-771.483949,,,,,,,,,,,,,,,,,,,,,,,,0,None,,,,,,,,,,,,,,,,,,,,,,,,1,0,0,,,0.584748,,,
24.959999,-,0,0,0,,,,80562.43041,2048.971697,1769.974024,769.138063,27.017332,6.304877,,84281.895697,0.001872,0,162.166555,10.660408,0,,1,0,0,0,17.833446,10.660408,-0.112314,-1,1,0.027408,423519.956204,474353.233889,-6.435143,45.947083,22.646156,35021.164949,14920.382813,149.994186,14920.400391,0,113.54097,-6177.066414,46.332555,354.625126,1,,0,,,,,,EntryBurn,0,0,3202.650614,-769.138063,,,,,,,,,,,,,,,,,,,,,,,,0,None,,,,,,,,,,,,,,,,,,,,,,,,1,0,0,,,0.584808,,,
25.219999,-,0,0,0,,,,80760.731885,2048.033734,1768.889439,766.792753,26.105635,6.302897,,84281.895697,0.001815,0,161.086732,10.795146,0,,1,0,0,0,18.913266,10.795146,-0.146846,-1,1,0.027698,423521.262551,474317.138629,-8.41365,46.446453,21.676315,35034.523147,14919.553711,150.007401,14919.605469,0,113.540854,-6177.067378,46.332558,354.625131,1,,0,,,,,,EntryBurn,0,0,3199.674762,-766.792753,,,,,,,,,,,,,,,,,,,,,,,,0,None,,,,,,,,,,,,,,,,,,,,,,,,1,0,0,,,0.584868,,,
25.459999,-,0,0,0,,,,80958.781694,2047.098874,1767.808106,764.448266,25.225559,6.300864,,84281.895697,0.001677,0,158.953625,10.966997,0,,1,0,0,0,21.046382,10.966997,-0.171324,-1,1,0.027373,423635.955312,474335.418006,-9.816137,45.955555,21.238615,35089.385022,14920.396484,150.065567,14920.503906,0,113.540809,-6177.068258,46.332547,354.6252,1,,0,,,,,,EntryBurn,0,0,3196.690612,-764.448266,,,,,,,,,,,,,,,,,,,,,,,,0,None,,,,,,,,,,,,,,,,,,,,,,,,1,0,0,,,0.584912,,,
25.739999,-,0,0,0,,,,81156.590657,2046.165794,1766.728668,762.10374,24.376364,6.298786,,84281.895697,0.001822,0,156.140218,11.171655,0,,1,0,0,0,23.859781,11.171655,-0.201504,-1,1,0.027553,423565.536409,474300.530695,-11.545356,46.223961,19.671581,35058.112224,14920.517578,150.038803,14920.597656,0,113.540738,-6177.069283,46.332518,354.62508,1,,0,,,,,,EntryBurn,0,0,3193.697527,-762.10374,,,,,,,,,,,,,,,,,,,,,,,,0,None,,,,,,,,,,,,,,,,,,,,,,,,1,0,0,,,0.5849,,,
25.999999,-,0,0,0,,,,81354.179607,2045.234922,1765.65163,759.759514,23.557069,6.296666,,84281.895697,0.002106,0,152.792102,11.409019,0,,1,0,0,0,27.207895,11.409019,-0.237233,-1,1,0.027084,423595.964995,474348.012014,-13.592469,45.445904,19.963171,35063.278933,14922.78125,150.03418,14922.847656,0,113.540679,-6177.070384,46.332481,354.625033,1,,0,,,,,,EntryBurn,0,0,3190.695728,-759.759514,,,,,,,,,,,,,,,,,,,,,,,,0,None,,,,,,,,,,,,,,,,,,,,,,,,1,0,0,,,0.584735,,,
26.239999,-,0,0,0,,,,81551.553919,2044.306063,1764.576743,757.415412,22.766737,6.294512,,84281.895697,0.002287,0,149.285964,11.664945,0,,1,0,0,0,30.714042,11.664945,-0.260833,-1,1,0.027915,423529.89361,474310.214621,-14.944653,46.814106,17.985918,35037.761788,14921.255859,150.006317,14921.311523,0,113.540622,-6177.071592,46.332429,354.62505,1,,0,,,,,,EntryBurn,0,0,3187.684611,-757.415412,,,,,,,,,,,,,,,,,,,,,,,,0,None,,,,,,,,,,,,,,,,,,,,,,,,1,0,0,,,0.584663,,,
26.519999,-,0,0,0,,,,81748.714988,2043.379154,1763.50392,755.071281,22.004481,6.292329,,84281.895697,0.002667,0,145.606924,11.93394,0,,1,0,0,0,34.393091,11.93394,-0.28341,-1,1,0.027963,423552.25518,474281.771619,-16.238182,46.896431,16.457283,35045.277374,14918.121094,150.034897,14918.22168,0,113.540546,-6177.072908,46.332359,354.624877,1,,0,,,,,,EntryBurn,0,0,3184.663933,-755.071281,,,,,,,,,,,,,,,,,,,,,,,,0,None,,,,,,,,,,,,,,,,,,,,,,,,1,0,0,,,0.584579,,,
26.779999,-,0,0,0,,,,81945.637627,2042.453876,1762.432863,752.726891,21.269418,6.290122,,84281.895697,0.003006,0,141.93871,12.197099,0,,1,0,0,0,38.061295,12.197099,-0.315195,-1,1,0.027467,423574.070263,474265.518159,-18.05932,46.100307,15.387539,35061.349342,14918.382813,149.987839,14918.369141,0,113.540436,-6177.074386,46.332274,354.62477,1,,0,,,,,,EntryBurn,0,0,3181.633845,-752.726891,,,,,,,,,,,,,,,,,,,,,,,,0,None,,,,,,,,,,,,,,,,,,,,,,,,1,0,0,,,0.58457,,,
27.039999,-,0,0,0,,,,82142.314072,2041.530032,1761.363302,750.381791,20.56064,6.287899,,84281.895697,0.003449,0,138.166026,12.445606,0,,1,0,0,0,41.833987,12.445606,-0.34331,-1,1,0.027294,423678.900639,474288.069423,-19.670208,45.898273,13.801994,35138.516247,14921.501953,150.028732,14921.441406,0,113.540261,-6177.076033,46.332168,354.624635,1,,0,,,,,,EntryBurn,0,0,3178.593515,-750.381792,,,,,,,,,,,,,,,,,,,,,,,,0,None,,,,,,,,,,,,,,,,,,,,,,,,1,0,0,,,0.584565,,,
27.299999,-,0,0,0,,,,82338.69507,2040.608282,1760.295976,748.036372,19.877312,6.285666,,84281.895697,0.003778,0,134.822333,12.642938,0,,1,0,0,0,45.177675,12.642938,-0.347139,-1,1,0.027366,423615.72197,474284.023289,-19.889582,45.913429,11.476961,35059.557654,14922.786133,150.038223,14922.760742,0,113.540047,-6177.077734,46.332051,354.624486,1,,0,,,,,,EntryBurn,0,0,3175.543075,-748.036372,,,,,,,,,,,,,,,,,,,,,,,,0,None,,,,,,,,,,,,,,,,,,,,,,,,1,0,0,,,0.584572,,,
27.539999,-,0,0,0,,,,82534.735793,2039.687566,1759.229936,745.690098,19.218603,6.283425,,84281.895697,0.004205,0,131.563571,12.788956,0,,1,0,0,0,48.43642,12.788956,-0.37547,-1,1,0.027487,423626.110535,474262.681621,-21.512833,46.14444,10.090633,35084.468906,14919.832031,150.053848,14919.805664,0,113.539744,-6177.079686,46.331941,354.62443,1,,0,,,,,,EntryBurn,0,0,3172.481784,-745.690098,,,,,,,,,,,,,,,,,,,,,,,,0,None,,,,,,,,,,,,,,,,,,,,,,,,1,0,0,,,0.584603,,,
27.819999,-,0,0,0,,,,82730.406158,2038.768634,1758.165784,743.343208,18.583572,6.281187,,84281.895697,0.004525,0,128.564674,12.871621,0,,1,0,0,0,51.435339,12.871621,-0.3823,-1,1,0.027239,423584.377521,474296.348586,-21.904158,45.738232,8.398743,35083.127565,14920.929688,150.011536,14920.958984,0,113.539383,-6177.081738,46.331815,354.624187,1,,0,,,,,,EntryBurn,0,0,3169.410383,-743.343207,,,,,,,,,,,,,,,,,,,,,,,,0,None,,,,,,,,,,,,,,,,,,,,,,,,1,0,0,,,0.584638,,,
28.079999,-,0,0,0,,,,82925.622178,2037.852065,1757.10419,740.996067,17.971455,6.278956,,84281.895697,0.004694,0,125.622284,12.8904,0,,1,0,0,0,54.37771,12.8904,-0.397185,-1,1,0.027496,423613.835579,474334.523542,-22.757046,46.179508,6.234577,35090.779193,14918.730469,150.01564,14918.707031,0,113.538987,-6177.083793,46.331688,354.624025,1,,0,,,,,,EntryBurn,0,0,3166.329057,-740.996066,,,,,,,,,,,,,,,,,,,,,,,,0,None,,,,,,,,,,,,,,,,,,,,,,,,1,0,0,,,0.584677,,,
28.339999,-,0,0,0,,,,83120.336986,2036.936581,1756.043829,738.647658,17.381395,6.276738,,84281.895697,0.005084,0,123.201205,12.83518,0,,1,0,0,0,56.798793,12.83518,-0.416109,-1,1,0.027449,423489.932745,474316.907192,-23.841265,46.02113,4.110416,35013.694954,14920.043945,149.940582,14920.076172,0,113.538472,-6177.086055,46.331556,354.623856,1,,0,,,,,,EntryBurn,0,0,3163.236144,-738.647658,,,,,,,,,,,,,,,,,,,,,,,,0,None,,,,,,,,,,,,,,,,,,,,,,,,1,0,0,,,0.584711,,,
28.599999,-,0,0,0,,,,83314.480742,2036.02324,1754.985899,736.299054,16.812583,6.274538,,84281.895697,0.005333,0,121.209077,12.718439,0,,1,0,0,0,58.790928,12.718439,-0.409239,-1,1,0.027535,423497.350076,474256.382037,-23.447664,46.192875,2.356266,35040.869183,14921.637695,149.969452,14921.619141,0,113.537933,-6177.088375,46.331434,354.623701,1,,0,,,,,,EntryBurn,0,0,3160.132952,-736.299053,,,,,,,,,,,,,,,,,,,,,,,,0,None,,,,,,,,,,,,,,,,,,,,,,,,1,0,0,,,0.584735,,,
28.859999,-,0,0,0,,,,83508.007984,2035.112625,1753.930925,733.9503,16.264178,6.272365,,84281.895697,0.005299,0,119.52833,12.546911,0,,1,0,0,0,60.471675,12.546911,-0.40503,-1,1,0.027501,423551.21202,474349.099851,-23.206533,46.167454,-0.310849,35081.225108,14919.334961,150.037857,14919.427734,0,113.537379,-6177.090625,46.331315,354.62355,1,,0,,,,,,EntryBurn,0,0,3157.01999,-733.9503,,,,,,,,,,,,,,,,,,,,,,,,0,None,,,,,,,,,,,,,,,,,,,,,,,,1,0,0,,,0.584758,,,
29.119999,-,0,0,0,,,,83700.831326,2034.204354,1752.878525,731.601251,15.735404,6.270224,,84281.895697,0.0053,0,117.991623,12.32105,0,,1,0,0,0,62.008381,12.32105,-0.406809,-1,0.97128,0.027488,423613.662459,474367.167652,-23.308426,46.157322,-1.631261,35089.138111,14921.143555,150.035675,14921.107422,0,113.536789,-6177.092882,46.3312,354.623403,1,,0,,,,,,EntryBurn,0,0,3153.896778,-731.601251,,,,,,,,,,,,,,,,,,,,,,,,0,None,,,,,,,,,,,,,,,,,,,,,,,,1,0,0,,,0.584775,,,
29.379999,-,0,0,0,,,,83892.908169,2033.298614,1751.828921,729.252171,15.22549,6.26812,,84281.88771,0.005294,0,117.27849,12.052822,0,,1,0,0,0,62.721518,12.052822,-0.409332,-1,0.883439,0.027574,423637.785002,474399.477698,-23.453009,46.284702,-3.315462,35090.276885,14922.536133,150.096329,14922.636719,0,113.536186,-6177.095126,46.331091,354.623264,1,,0,,,,,,EntryBurn,0,0,3150.762899,-729.25217,,,,,,,,,,,,,,,,,,,,,,,,0,None,,,,,,,,,,,,,,,,,,,,,,,,1,0,0,,,0.584787,,,
29.639999,-,0,0,0,,,,84084.160777,2032.395711,1750.782375,726.903152,14.73364,6.266061,,84281.88771,0.005214,0,116.675395,11.738663,0,,1,0,0,0,63.324615,11.738663,-0.394897,-1,0.795294,0.027377,423564.824531,474282.686086,-22.625956,45.932377,-6.31058,35049.981707,14920.074219,149.992386,14920.095703,0,113.535578,-6177.097295,46.330982,354.623126,1,,0,,,,,,EntryBurn,0,0,3147.619236,-726.903153,,,,,,,,,,,,,,,,,,,,,,,,0,None,,,,,,,,,,,,,,,,,,,,,,,,1,0,0,,,0.584794,,,
29.899999,-,0,0,0,,,,84274.55103,2031.494529,1749.737901,724.55358,14.259073,6.264046,,84281.88771,0.005346,0,116.617343,11.386239,0,,1,0,0,0,63.382651,11.386239,-0.387871,-1,0.724212,0.0272,423615.334546,474312.54652,-22.223354,45.654301,-7.894874,35067.242353,14920.338867,150.008163,14920.337891,0,113.534921,-6177.099592,46.330893,354.623013,1,,0,,,,,,EntryBurn,0,0,3144.465013,-724.553581,,,,,,,,,,,,,,,,,,,,,,,,0,None,,,,,,,,,,,,,,,,,,,,,,,,1,0,0,,,0.584799,,,
30.159999,-,0,0,0,,,,84464.036165,2030.596331,1748.696758,722.204183,13.801035,6.262085,,84281.88771,0.005278,0,117.041365,11.009114,0,,1,0,0,0,62.958635,11.009114,-0.377943,-1,0.66353,0.027495,423522.662439,474284.317222,-21.654547,46.113781,-10.02317,35027.552288,14919.87207,149.94957,14919.869141,0,113.534268,-6177.101792,46.330823,354.622923,1,,0,,,,,,EntryBurn,0,0,3141.300901,-722.204183,,,,,,,,,,,,,,,,,,,,,,,,0,None,,,,,,,,,,,,,,,,,,,,,,,,1,0,0,,,0.584795,,,
30.419999,-,0,0,0,,,,84652.552917,2029.702016,1747.659714,719.85541,13.358806,6.260185,,84281.88771,0.004793,0,117.744141,10.610337,0,,1,0,0,0,62.255861,10.610337,-0.362133,-1,0.619293,0.027762,423413.25756,474315.496315,-20.748667,46.437847,-11.681251,34945.251937,14919.432617,149.999954,14919.421875,0,113.533659,-6177.10373,46.330751,354.622832,1,,0,,,,,,EntryBurn,0,0,3138.127145,-719.85541,,,,,,,,,,,,,,,,,,,,,,,,0,None,,,,,,,,,,,,,,,,,,,,,,,,1,0,0,,,0.584784,,,
30.679999,-,0,0,0,,,,84840.098823,2028.810735,1746.625917,717.506813,12.931663,6.25835,,84281.88771,0.00461,0,119.139932,10.20772,0,,1,0,0,0,60.860081,10.20772,-0.330415,-1,0.59921,0.028045,423451.55167,474330.333568,-18.931385,46.923046,-13.181359,34974.725617,14919.198242,150.084488,14919.225586,0,113.533053,-6177.105562,46.330676,354.622737,1,,0,,,,,,EntryBurn,0,0,3134.943093,-717.506813,,,,,,,,,,,,,,,,,,,,,,,,0,None,,,,,,,,,,,,,,,,,,,,,,,,1,0,0,,,0.58477,,,
30.939999,-,0,0,0,,,,85026.643547,2027.922843,1745.59589,715.158821,12.518849,6.256585,,84281.88771,0.004276,0,120.76071,9.815976,0,,1,0,0,0,59.239302,9.815976,-0.319857,-1,0.602082,0.027632,423458.012199,474270.11124,-18.326435,46.205608,-14.735529,34944.191309,14920.385742,150.042419,14920.411133,0,113.532495,-6177.107242,46.330622,354.622668,1,,0,,,,,,EntryBurn,0,0,3131.749741,-715.158822,,,,,,,,,,,,,,,,,,,,,,,,0,None,,,,,,,,,,,,,,,,,,,,,,,,1,0,0,,,0.584751,,,
31.199999,-,0,0,0,,,,85212.184865,2027.03777,1744.56896,712.811008,12.119914,6.254894,,84281.88771,0.004022,0,122.699442,9.453622,0,,1,0,0,0,57.300546,9.453622,-0.288513,-1,0.631723,0.027362,423383.346809,474290.340196,-16.530561,45.733658,-16.411436,34919.565188,14918.974609,150.000519,14919.061523,0,113.531942,-6177.108865,46.330574,354.622607,1,,0,,,,,,EntryBurn,0,0,3128.54628,-712.811008,,,,,,,,,,,,,,,,,,,,,,,,0,None,,,,,,,,,,,,,,,,,,,,,,,,1,0,0,,,0.584726,,,
31.459999,-,0,0,0,,,,85396.723467,2026.155846,1743.545501,710.463557,11.734567,6.25328,,84281.88771,0.003858,0,125.069533,9.146395,0,,1,0,0,0,54.930456,9.146395,-0.262148,-1,0.689441,0.028146,423333.916666,474250.743713,-15.019946,47.020325,-17.756632,34901.705051,14919.974609,149.999908,14919.952148,0,113.531408,-6177.110373,46.330539,354.622561,1,,0,,,,,,EntryBurn,0,0,3125.332586,-710.463557,,,,,,,,,,,,,,,,,,,,,,,,0,None,,,,,,,,,,,,,,,,,,,,,,,,1,0,0,,,0.584695,,,
31.719999,-,0,0,0,,,,85580.267708,2025.277024,1742.525441,708.116455,11.362404,6.251749,,84281.88771,0.003556,0,127.696164,8.908314,0,,1,0,0,0,52.303844,8.908314,-0.245042,-1,0.759886,0.027314,423336.641095,474254.605738,-14.039861,45.608784,-19.168434,34889.827735,14920.137695,150.023865,14920.170898,0,113.530899,-6177.111775,46.330511,354.622526,1,,0,,,,,,EntryBurn,0,0,3122.108578,-708.116455,,,,,,,,,,,,,,,,,,,,,,,,0,None,,,,,,,,,,,,,,,,,,,,,,,,1,0,0,,,0.58466,,,
31.979999,-,0,0,0,,,,85762.846217,2024.401616,1741.50918,705.77002,11.003056,6.250305,,84281.88771,0.003291,0,130.578215,8.739977,0,,1,0,0,0,49.421773,8.739977,-0.209404,-1,0.832171,0.027355,423362.402257,474245.372018,-11.997969,45.712711,-20.602678,34905.921314,14920.291016,149.972351,14920.324219,0,113.530432,-6177.113027,46.330503,354.622515,1,,0,,,,,,EntryBurn,0,0,3118.875087,-705.77002,,,,,,,,,,,,,,,,,,,,,,,,0,None,,,,,,,,,,,,,,,,,,,,,,,,1,0,0,,,0.584627,,,
32.239999,-,0,0,0,,,,85944.47272,2023.53004,1740.496935,703.424499,10.655905,6.248884,,84281.88771,0.002785,0,133.760754,8.63676,0,,1,0,0,0,46.239245,8.63676,-0.174298,-1,0.901683,0.02768,423367.597853,474244.000521,-9.986536,46.259155,-21.045706,34927.051357,14920.506836,150.056046,14920.571289,0,113.530025,-6177.114055,46.330482,354.622489,1,,0,,,,,,EntryBurn,0,0,3115.63226,-703.424499,,,,,,,,,,,,,,,,,,,,,,,,0,None,,,,,,,,,,,,,,,,,,,,,,,,1,0,0,,,0.584598,,,
32.479999,-,0,0,0,,,,86125.207228,2022.661934,1739.488541,701.079741,10.32025,6.247395,,84281.88771,0.002387,0,137.024792,8.577919,0,,1,0,0,0,42.975222,8.577919,-0.139209,-1,0.954571,0.027422,423396.216294,474276.076993,-7.97609,45.842773,-22.044552,34929.355744,14919.164063,150.013855,14919.12207,0,113.529676,-6177.114928,46.330479,354.622569,1,,0,,,,,,EntryBurn,0,0,3112.379497,-701.079742,,,,,,,,,,,,,,,,,,,,,,,,0,None,,,,,,,,,,,,,,,,,,,,,,,,1,0,0,,,0.58457,,,
32.759999,-,0,0,0,,,,86305.094408,2021.796721,1738.483385,698.735548,9.995782,6.245838,,84281.88771,0.002111,0,140.479973,8.555788,0,,1,0,0,0,39.520039,8.555788,-0.114814,-1,0.99569,0.027717,423454.207287,474251.619243,-6.578373,46.387146,-23.031652,34969.364801,14918.666016,150.022064,14918.701172,0,113.529358,-6177.115762,46.330488,354.622496,1,,0,,,,,,EntryBurn,0,0,3109.116474,-698.735548,,,,,,,,,,,,,,,,,,,,,,,,0,None,,,,,,,,,,,,,,,,,,,,,,,,1,0,0,,,0.584554,,,
33.019999,-,0,0,0,,,,86484.188322,2020.934622,1737.481667,696.392048,9.682137,6.244213,,84281.88771,0.001924,0,143.974915,8.553315,0,,1,0,0,0,36.025079,8.553315,-0.078351,-1,1,0.027255,423494.089162,474260.356514,-4.489161,45.641678,-23.469202,34998.619937,14919.402344,150.057739,14919.356445,0,113.529089,-6177.116516,46.330503,354.622515,1,,0,,,,,,EntryBurn,0,0,3105.843732,-696.392048,,,,,,,,,,,,,,,,,,,,,,,,0,None,,,,,,,,,,,,,,,,,,,,,,,,1,0,0,,,0.584543,,,
33.279999,-,0,0,0,,,,86662.547329,2020.076517,1736.484163,694.049681,9.379017,6.242522,,84281.88771,0.001423,0,147.558991,8.566661,0,,1,0,0,0,32.441017,8.566661,-0.051621,-1,1,0.027544,423528.307974,474214.905716,-2.957641,46.177177,-22.892525,35025.607326,14921.793945,150.005127,14921.810547,0,113.528899,-6177.117028,46.330509,354.622524,1,,0,,,,,,EntryBurn,0,0,3102.56175,-694.049681,,,,,,,,,,,,,,,,,,,,,,,,0,None,,,,,,,,,,,,,,,,,,,,,,,,1,0,0,,,0.584532,,,
33.519999,-,0,0,0,,,,86840.22984,2019.221176,1735.48974,691.707835,9.086086,6.240764,,84281.88771,0.001153,0,150.939335,8.574937,0,,1,0,0,0,29.060655,8.574937,-0.011703,-1,1,0.027442,423632.858053,474290.612053,-0.67052,46.098877,-23.27434,35085.113689,14919.083984,149.960083,14919.152344,0,113.528743,-6177.117526,46.330521,354.622622,1,,0,,,,,,EntryBurn,0,0,3099.269263,-691.707834,,,,,,,,,,,,,,,,,,,,,,,,0,None,,,,,,,,,,,,,,,,,,,,,,,,1,0,0,,,0.58452,,,
33.799999,-,0,0,0,,,,87017.313853,2018.368172,1734.497898,689.366166,8.802998,6.238936,,84281.88771,0.001183,0,154.060627,8.572327,0,,1,0,0,0,25.939388,8.572327,0.01931,-1,1,0.027467,423551.605696,474307.467554,1.106374,46.048729,-23.794083,35027.15777,14920.225586,150.007385,14920.24707,0,113.528589,-6177.11808,46.330528,354.622548,1,,0,,,,,,EntryBurn,0,0,3095.965734,-689.366165,,,,,,,,,,,,,,,,,,,,,,,,0,None,,,,,,,,,,,,,,,,,,,,,,,,1,0,0,,,0.584507,,,
34.059999,-,0,0,0,,,,87193.852988,2017.517839,1733.508997,687.024788,8.529456,6.23704,,84281.88771,0.001145,0,156.784287,8.551756,0,,1,0,0,0,23.215731,8.551756,0.061171,-1,1,0.02762,423565.426698,474255.960667,3.504855,46.371918,-23.587217,35066.314912,14921.186523,149.958755,14921.188477,0,113.52845,-6177.118625,46.330535,354.622556,1,,0,,,,,,EntryBurn,0,0,3092.651638,-687.024788,,,,,,,,,,,,,,,,,,,,,,,,0,None,,,,,,,,,,,,,,,,,,,,,,,,1,0,0,,,0.584493,,,
34.319999,-,0,0,0,,,,87369.918697,2016.670135,1732.523003,684.683736,8.265148,6.235075,,84281.88771,0.00112,0,158.868422,8.509033,0,,1,0,0,0,21.131566,8.509033,0.096496,-1,1,0.027828,423572.700527,474256.675556,5.528804,46.714394,-23.380028,35060.562273,14920.995117,149.958389,14921.013672,0,113.528328,-6177.119173,46.330542,354.622565,1,,0,,,,,,EntryBurn,0,0,3089.32697,-684.683736,,,,,,,,,,,,,,,,,,,,,,,,0,None,,,,,,,,,,,,,,,,,,,,,,,,1,0,0,,,0.584471,,,
34.579999,-,0,0,0,,,,87545.560942,2015.825792,1731.540505,682.343194,8.009771,6.233043,,84281.88771,0.000904,0,160.030138,8.435942,0,,1,0,0,0,19.969884,8.435942,0.128979,-1,1,0.027524,423493.521033,474297.941228,7.389974,46.121029,-21.899988,35021.269361,14920.201172,150.058868,14920.282227,0,113.528236,-6177.119575,46.330529,354.622549,1,,0,,,,,,EntryBurn,0,0,3085.991516,-682.343194,,,,,,,,,,,,,,,,,,,,,,,,0,None,,,,,,,,,,,,,,,,,,,,,,,,1,0,0,,,0.584452,,,
34.839999,-,0,0,0,,,,87720.828553,2014.984209,1730.561052,680.002991,7.763025,6.230945,,84281.88771,0.000783,0,160.103749,8.32531,0,,1,0,0,0,19.896237,8.32531,0.168809,-1,1,0.027338,423591.948982,474324.471831,9.672049,45.887615,-21.55953,35057.205917,14920.28125,149.958786,14920.264648,0,113.528158,-6177.119953,46.330516,354.622533,1,,0,,,,,,EntryBurn,0,0,3082.644967,-680.00299,,,,,,,,,,,,,,,,,,,,,,,,0,None,,,,,,,,,,,,,,,,,,,,,,,,1,0,0,,,0.584435,,,
35.099999,-,0,0,0,,,,87895.787962,2014.14496,1729.584207,677.662886,7.524608,6.22878,,84281.88771,0.000817,0,159.18743,8.185991,0,,1,0,0,0,20.812574,8.185991,0.198415,-1,1,0.027432,423537.584733,474311.894676,11.368342,46.020382,-20.466681,35035.903515,14916.262695,149.949753,14916.256836,0,113.528081,-6177.120384,46.330504,354.622517,1,,0,,,,,,EntryBurn,0,0,3079.287256,-677.662886,,,,,,,,,,,,,,,,,,,,,,,,0,None,,,,,,,,,,,,,,,,,,,,,,,,1,0,0,,,0.584418,,,
35.359999,-,0,0,0,,,,88070.468423,2013.308372,1728.610303,675.323117,7.294224,6.226547,,84281.88771,0.000826,0,157.235981,8.010069,0,,1,0,0,0,22.764009,8.010069,0.22246,-1,1,0.027409,423664.825194,474369.441712,12.745992,46.03743,-19.925903,35135.047221,14918.085938,150.193146,14918.224609,0,113.528019,-6177.120814,46.330491,354.622501,1,,0,,,,,,EntryBurn,0,0,3075.918755,-675.323116,,,,,,,,,,,,,,,,,,,,,,,,0,None,,,,,,,,,,,,,,,,,,,,,,,,1,0,0,,,0.584397,,,
35.619999,-,0,0,0,,,,88244.902855,2012.474575,1727.639473,672.983664,7.071582,6.224248,,84281.88771,0.000757,0,154.721774,7.812599,0,,1,0,0,0,25.278213,7.812599,0.25164,-1,1,0.027854,423630.155257,474354.619707,14.417894,46.772629,-18.605404,35077.533571,14918.958008,149.983215,14918.960938,0,113.527974,-6177.121213,46.330479,354.622485,1,,0,,,,,,EntryBurn,0,0,3072.538911,-672.983664,,,,,,,,,,,,,,,,,,,,,,,,0,None,,,,,,,,,,,,,,,,,,,,,,,,1,0,0,,,0.584374,,,
35.879999,-,0,0,0,,,,88419.118246,2011.643332,1726.67149,670.644406,6.856406,6.221884,,84281.88771,0.000769,0,151.776381,7.594776,0,,1,0,0,0,28.223623,7.594776,0.28218,-1,1,0.027276,423622.914086,474239.131697,16.167742,45.797329,-16.907135,35094.983298,14918.682617,150.076111,14918.704102,0,113.527936,-6177.121624,46.330468,354.622471,1,,0,,,,,,EntryBurn,0,0,3069.147478,-670.644406,,,,,,,,,,,,,,,,,,,,,,,,0,None,,,,,,,,,,,,,,,,,,,,,,,,1,0,0,,,0.584331,,,
36.139999,-,0,0,0,,,,88593.117074,2010.814677,1725.706371,668.30541,6.648406,6.219454,,84281.88771,0.000775,0,148.398985,7.359839,0,,1,0,0,0,31.601026,7.359839,0.311748,-1,1,0.027715,423504.097568,474291.765226,17.861864,46.457775,-15.73296,35001.584276,14918.426758,149.921631,14918.425781,0,113.527909,-6177.122047,46.330456,354.622456,1,,0,,,,,,EntryBurn,0,0,3065.744772,-668.30541,,,,,,,,,,,,,,,,,,,,,,,,0,None,,,,,,,,,,,,,,,,,,,,,,,,1,0,0,,,0.584305,,,
36.399999,-,0,0,0,,,,88766.900829,2009.988176,1724.743673,665.966435,6.447324,6.216959,,84281.88771,0.000918,0,144.965976,7.129069,0,,1,0,0,0,35.034014,7.129069,0.333467,-1,1,0.027432,423634.052382,474305.187924,19.106256,46.086651,-14.153109,35091.88828,14922.602539,149.974075,14922.581055,0,113.527871,-6177.12256,46.330441,354.622437,1,,0,,,,,,EntryBurn,0,0,3062.330581,-665.966436,,,,,,,,,,,,,,,,,,,,,,,,0,None,,,,,,,,,,,,,,,,,,,,,,,,1,0,0,,,0.584282,,,
36.659999,-,0,0,0,,,,88940.466088,2009.164004,1723.783462,663.6273,6.252967,6.214441,,84281.88771,0.00108,0,141.639002,6.920252,0,,1,0,0,0,38.360983,6.920252,0.347695,-1,1,0.027233,423662.51582,474316.355216,19.921484,45.764,-12.228181,35117.967656,14920.754883,150.042313,14920.730469,0,113.527811,-6177.123112,46.330409,354.622396,1,,0,,,,,,EntryBurn,0,0,3058.904062,-663.627299,,,,,,,,,,,,,,,,,,,,,,,,0,None,,,,,,,,,,,,,,,,,,,,,,,,1,0,0,,,0.584261,,,
36.919999,-,0,0,0,,,,89113.784392,2008.341877,1722.825582,661.28807,6.065112,6.211927,,84281.88771,0.00128,0,138.26956,6.740157,0,,1,0,0,0,41.730454,6.740157,0.366514,-1,1,0.027375,423642.325593,474312.185941,20.999704,45.966999,-10.218203,35103.994054,14919.22168,150.10199,14919.200195,0,113.527734,-6177.123772,46.330377,354.622356,1,,0,,,,,,EntryBurn,0,0,3055.465228,-661.28807,,,,,,,,,,,,,,,,,,,,,,,,0,None,,,,,,,,,,,,,,,,,,,,,,,,1,0,0,,,0.584241,,,
37.179999,-,0,0,0,,,,89286.837394,2007.522723,1721.870957,658.94908,5.88348,6.209414,,84281.88771,0.001223,0,134.945663,6.600197,0,,1,0,0,0,45.054343,6.600197,0.389318,-1,1,0.027354,423424.505072,474246.628554,22.306286,45.774448,-8.816431,34955.536823,14920.326172,149.978348,14920.365234,0,113.527666,-6177.124357,46.330346,354.622316,1,,0,,,,,,EntryBurn,0,0,3052.014723,-658.949081,,,,,,,,,,,,,,,,,,,,,,,,0,None,,,,,,,,,,,,,,,,,,,,,,,,1,0,0,,,0.584216,,,
37.439999,-,0,0,0,,,,89459.579082,2006.70603,1720.919068,656.610195,5.707797,6.206899,,84281.88771,0.001265,0,131.876538,6.51859,0,,1,0,0,0,48.123458,6.51859,0.391062,-1,1,0.027089,423604.401592,474300.15036,22.406191,45.469231,-6.679862,35065.425866,14923.020508,149.992233,14923.041992,0,113.527595,-6177.124973,46.330313,354.622273,1,,0,,,,,,EntryBurn,0,0,3048.552581,-656.610194,,,,,,,,,,,,,,,,,,,,,,,,0,None,,,,,,,,,,,,,,,,,,,,,,,,1,0,0,,,0.584192,,,
37.699999,-,0,0,0,,,,89631.962362,2005.890929,1719.96894,654.270725,5.537781,6.204376,,84281.88771,0.001559,0,129.045179,6.49845,0,,1,0,0,0,50.95483,6.49845,0.416805,-1,1,0.027293,423754.669604,474285.312868,23.881153,45.902271,-4.978872,35148.497634,14919.678711,150.050247,14919.682617,0,113.527471,-6177.125765,46.330264,354.622211,1,,0,,,,,,EntryBurn,0,0,3045.077164,-654.270724,,,,,,,,,,,,,,,,,,,,,,,,0,None,,,,,,,,,,,,,,,,,,,,,,,,1,0,0,,,0.584171,,,
37.939999,-,0,0,0,,,,89803.94726,2005.078152,1719.021455,651.931029,5.37318,6.201842,,84281.88771,0.001784,0,126.449753,6.539653,0,,1,0,0,0,53.550256,6.539653,0.410915,-1,1,0.027246,423690.403578,474318.100225,23.543697,45.830135,-3.049177,35152.575914,14921.864258,150.046555,14921.832031,0,113.527327,-6177.126594,46.330222,354.622241,1,,0,,,,,,EntryBurn,0,0,3041.588899,-651.931028,,,,,,,,,,,,,,,,,,,,,,,,0,None,,,,,,,,,,,,,,,,,,,,,,,,1,0,0,,,0.584149,,,
38.219999,-,0,0,0,,,,89975.466651,2004.267894,1718.076803,649.591287,5.21374,6.199296,,84281.88771,0.001767,0,124.218495,6.642144,0,,1,0,0,0,55.781513,6.642144,0.407061,-1,1,0.027524,423604.907469,474338.526847,23.322893,46.226128,-0.98405,35089.39085,14918.118164,150.011108,14918.102539,0,113.527174,-6177.127433,46.330186,354.62211,1,,0,,,,,,EntryBurn,0,0,3038.08816,-649.591288,,,,,,,,,,,,,,,,,,,,,,,,0,None,,,,,,,,,,,,,,,,,,,,,,,,1,0,0,,,0.584123,,,
38.459999,-,0,0,0,,,,90146.448657,2003.460439,1717.135251,647.251796,5.05926,6.196733,,84281.88771,0.001736,0,122.272915,6.802467,0,,1,0,0,0,57.727085,6.802467,0.406092,-1,1,0.027426,423511.98355,474334.197441,23.267378,45.955257,1.537401,35022.580342,14920.921875,150.068604,14920.924805,0,113.527025,-6177.128239,46.33015,354.622148,1,,0,,,,,,EntryBurn,0,0,3034.575709,-647.251796,,,,,,,,,,,,,,,,,,,,,,,,0,None,,,,,,,,,,,,,,,,,,,,,,,,1,0,0,,,0.584093,,,
38.739999,-,0,0,0,,,,90316.847507,2002.655317,1716.19632,644.912261,4.909678,6.194152,,84281.88771,0.001782,0,120.599032,7.009812,0,,1,0,0,0,59.400967,7.009812,0.405709,-1,1,0.027293,423459.142047,474343.10976,23.245436,45.708683,2.593736,34983.052364,14917.160156,149.977646,14917.19043,0,113.526872,-6177.129097,46.330113,354.622018,1,,0,,,,,,EntryBurn,0,0,3031.050419,-644.912261,,,,,,,,,,,,,,,,,,,,,,,,0,None,,,,,,,,,,,,,,,,,,,,,,,,1,0,0,,,0.584065,,,
38.999999,-,0,0,0,,,,90486.586205,2001.852972,1715.26047,642.572768,4.76484,6.191549,,84281.88771,0.001781,0,119.351832,7.26625,0,,1,0,0,0,60.648171,7.26625,0.401273,-1,1,0.027637,423434.865243,474340.246064,22.991247,46.235416,4.554233,34952.500888,14920.567383,150.007858,14920.623047,0,113.526707,-6177.129916,46.33008,354.621975,1,,0,,,,,,EntryBurn,0,0,3027.512335,-642.572768,,,,,,,,,,,,,,,,,,,,,,,,0,None,,,,,,,,,,,,,,,,,,,,,,,,1,0,0,,,0.584041,,,
39.259999,-,0,0,0,,,,90655.610711,2001.053235,1714.327512,640.233243,4.624617,6.188921,,84281.88771,0.001787,0,118.559476,7.564905,0,,1,0,0,0,61.440535,7.564905,0.389064,-1,1,0.027361,423549.52603,474310.979881,22.291725,45.870094,6.84139,35028.796875,14919.472656,150.021362,14919.484375,0,113.526537,-6177.130727,46.330047,354.621932,1,,0,,,,,,EntryBurn,0,0,3023.9614,-640.233243,,,,,,,,,,,,,,,,,,,,,,,,0,None,,,,,,,,,,,,,,,,,,,,,,,,1,0,0,,,0.584018,,,
39.499999,-,0,0,0,,,,90823.836926,2000.256338,1713.397695,637.893776,4.48888,6.186266,,84281.88771,0.001714,0,118.215592,7.901861,0,,1,0,0,0,61.784406,7.901861,0.379174,-1,1,0.027581,423515.511473,474287.880313,21.725069,46.223278,9.213259,35007.216361,14919.09668,149.977173,14919.100586,0,113.52636,-6177.131487,46.330016,354.621977,1,,0,,,,,,EntryBurn,0,0,3020.398171,-637.893775,,,,,,,,,,,,,,,,,,,,,,,,0,None,,,,,,,,,,,,,,,,,,,,,,,,1,0,0,,,0.583991,,,
39.779999,-,0,0,0,,,,90991.241911,1999.462019,1712.470768,635.554329,4.357484,6.18358,,84281.88771,0.001719,0,118.186316,8.26787,0,,1,0,0,0,61.813687,8.26787,0.365011,-1,1,0.027309,423569.963469,474284.230514,20.91361,45.833397,10.941683,35066.576002,14919.689453,150.014252,14919.658203,0,113.526175,-6177.132252,46.329988,354.621857,1,,0,,,,,,EntryBurn,0,0,3016.821846,-635.554328,,,,,,,,,,,,,,,,,,,,,,,,0,None,,,,,,,,,,,,,,,,,,,,,,,,1,0,0,,,0.583957,,,
40.039999,-,0,0,0,,,,91157.758278,1998.670481,1711.546938,633.215175,4.230257,6.180826,,84281.88771,0.00167,0,118.559607,8.658638,0,,1,0,0,0,61.440401,8.658638,0.344816,-1,1,0.027454,423511.751315,474279.048986,19.756495,45.983517,12.763928,34987.225411,14919.894531,149.981018,14919.891602,0,113.526003,-6177.132996,46.329962,354.621823,1,,0,,,,,,EntryBurn,0,0,3013.232746,-633.215175,,,,,,,,,,,,,,,,,,,,,,,,0,None,,,,,,,,,,,,,,,,,,,,,,,,1,0,0,,,0.583914,,,
40.299999,-,0,0,0,,,,91323.326571,1997.881616,1710.62608,630.876022,4.106997,6.177938,,84281.88771,0.001596,0,119.423552,9.060409,0,,1,0,0,0,60.576447,9.060409,0.328193,-1,1,0.02773,423440.180572,474223.754655,18.80409,46.398289,14.139009,34941.864199,14919.220703,149.940125,14919.276367,0,113.525821,-6177.133724,46.329936,354.621791,1,,0,,,,,,EntryBurn,0,0,3009.630443,-630.876022,,,,,,,,,,,,,,,,,,,,,,,,0,None,,,,,,,,,,,,,,,,,,,,,,,,1,0,0,,,0.583864,,,
40.559999,-,0,0,0,,,,91487.95422,1997.095326,1709.708084,628.536754,3.987573,6.17491,,84281.88771,0.001639,0,120.618473,9.455524,0,,1,0,0,0,59.38153,9.455524,0.300232,-1,1,0.027398,423478.330155,474207.37514,17.202044,45.859913,15.478117,34970.869802,14918.832031,150.004852,14918.848633,0,113.525632,-6177.134449,46.32991,354.621758,1,,0,,,,,,EntryBurn,0,0,3006.015263,-628.536754,,,,,,,,,,,,,,,,,,,,,,,,0,None,,,,,,,,,,,,,,,,,,,,,,,,1,0,0,,,0.58381,,,
40.819999,-,0,0,0,,,,91651.599749,1996.311803,1708.79317,626.197499,3.871893,6.171745,,84281.88771,0.001632,0,122.184292,9.829093,0,,1,0,0,0,57.815715,9.829093,0.288017,-1,1,0.027517,423403.577665,474164.127276,16.502172,46.04